"#Wallet AbraxasMarket (000052c2391e8192), page 1 from 1192, addresses 1-100. Updated to block 724491 (2022-02-22 19:00:36 UTC). Source: WalletExplorer.com"
address,balance,incoming txs,last used in block
1Mpiyqa8PBanPNG8Q99y2wsLWxN9yYzQSV,0.0040999986231327,3,622662
17VWKFV9VoRJdgTAjGAeMhGB8S12wDiv6x,0,107,381942
1PLsSaUbii1spZnmvHyueWBaH2Kmr839Jv,0,97,382137
1Av6yW8hKxES7WUkx4aVdpua8BzZkqgxQd,0,88,381938
1Hck8bjKhxg1cbbfT2o3nL4FHeFRSPVUtt,0,72,381677
1HjYx9wnbiVTsrFN6yonYHDJ4qzFjrq9tZ,0,71,381831
1Njt8VZ6Ca2sxC5oonZcW6jeBehfEjRvBs,0,70,382017
1PoZs2ZFVDRjUSFbmYkyM9f9JqmectVih7,0,70,381663
1K84ahSMgrWJnh7i9t17qbmqhYGXiN16bS,0,63,401289
14396hwoBQUnLC6wzRgXMHkSVRVsNU2HMG,0,60,381490
13BMABkH1yjN2MbbQHBXDmiSekq1bBm6DC,0,60,381157
1CZwKoS9aWoFwcEpW9rGVn2GfZfX6vB5Ff,0,60,380419
1LnzMvRZMTHu6LJBYW8VYd4Qzxh2bY46FP,0,58,382039
1FVhW9ZVKoht4h2uYee98Fqp79K5UtL1S4,0,55,380527
1GVPVEYydyJQ25JyohDxyViHNrEkgbw1hT,0,54,377621
15n6VN9bDNYhPuWJz4n7VSwLBmjTtTDWXj,0,53,381983
1274xNs83uFd9yq4xKBQrtw8jkz6o1c6qj,0,52,382065
1LR314ugZKgmUVJ921V2ZfRjnGPowkwV6J,0,51,381686
1ECiZTrN8TLcbcS8NRM8JJaRTvbYqvpRVQ,0,51,381518
1FEHb4nij4p5vNd3SF9mFKtQ4tXtNMSWHV,0,50,401289
1PBHftqWGgdbdn76vfn2su473D1CnsduJm,0,48,381952
1CGjRZ5mg7Fo5dzVz7nhMtwS2iR6gt3NcY,0,48,381950
16U4js7RK9bQbw9bdPNmQk9poSzWnnckN6,0,48,381870
1Bz7xp2HrdSaifk3NJ7tuqgdJKY1ccuwjo,0,47,381830
1MTWeqadAnRKxnLShEztHpuNwQZ1Yqus63,0,47,381627
1CRCCsasMDbHHSM9JQbuixG5ekY7E4rHju,0,47,379201
1B3sxQCRPKvbX1eRwL6oDbvJnPc9ciWFj4,0,47,357785
12YyUdKUNhrSdb4Fdf9SENXmKM2YxZC4t2,0,47,357042
12sYTPZ9bd9x8hE5KmtmPXNUwDN3tyKBFd,0,46,382023
1BUP6gKg8x9iryuzxv8eKE6FQ8DH8NoTwB,0,45,381624
1K2UVz91CcK343VcJ4JdXFShPzDVWpn1kD,0,45,381587
14gfHG1bYvLeZTXwuwzjzNGGxTjv4kckQ1,0,45,378219
1NnRW63c9NbBfriTxLMRM1EsMpr8zkZzVD,0,45,371774
1JL4s69GCXhmBg5wYr7EpCSdoYyuwQuZvQ,0,43,381627
16r892YpeuH9JukZXBoYUMf4wWeovEE1R3,0,43,367803
1QZaF2cwehaEpW3GPeMco8TEn4jESA79c,0,42,381901
1FqpPaUzFyd7t2DJm8tMZUeiDdh1s5pwvL,0,42,381521
17NjQf3cty5k6iL2cNjNBSWYfDZm2dsbNQ,0,42,381157
1A3eqaepoLdv5pNum2AaPva16Lbto2qLyQ,0,42,380096
1PABwGtPU5pcd7bybx4Ly1e8uEpcs2Jtta,0,42,378884
1HF2ryiv9KasPCvQh38sSUA1XZGeoMNEQH,0,41,382137
1E7jBKuYL7zMHhjCHTHQMaw58oKauutyHA,0,41,381942
1CKqYHZvtcHdKHy5CeW7xFzbMBMf8ez927,0,41,381076
1JWi5qzcTv9QQZMkVLYDoHGeg8WstaVqpX,0,41,380968
1GjHVUSQp1fAVThjwdDSqsGijfw71PdBRC,0,40,381816
1FVZVsKbkYYmNLBUrNA7iKpmyA9gFCWPog,0,40,380705
1LiNiqMsjQoD86sz1NfbpwqcB7VMLZjVxx,0,40,379725
1554skjZHAazDjoY7hoSEthhUuD1JcD2mV,0,39,401266
1HBsN7yVxc2v1WitJDMMBddVoQFGC1QcYw,0,39,378794
1DokzDvrLfKwWWefP5EzPNvWZu1iRZpJe1,0,38,380015
1CiKx7W2vGREbE4GFhZ6ZCbMr6nH1neLmD,0,38,379526
1NtJVX3gM4w6Edgph6gBs8Qf5zqKtUhnrE,0,38,378003
19RqoikcgjuUFWyFJsjGJnx2zgo4kUYzRC,0,37,381816
1QCYyFKQey2Q1XJgeK5gVmMf8avwDkAsPb,0,37,381161
1FyfKeomA9srjZbRFgJMJWWmNXe6mgfCmm,0,37,380115
1MgowWnFyYfDommUAwix13NYT4hLxdMG6i,0,36,381917
16qJt613Mb8e3t9FyobFxvsWzXMJfb7yDG,0,36,381874
1QE1UcpJBZPZNuhYrwdfsWkzN7qCSBo9Pi,0,36,381764
1QFuDyWjrANA13zDzayczvoKkmZZPooNJj,0,36,381100
1NmJ31VFhzMTewnhHbYJD5XCCWYJM7a2Lu,0,35,382042
1MKqaNTxZpg1R9nnaL88zEzheD63xNvPqQ,0,35,381982
1JmUMbNBobFEi4mKNXj76gRqAue7ob3Fjk,0,35,381815
195LRTXQrgbj7kSUTHqLWaVwDAXNggBgZ1,0,35,381756
1GRxJkTzDZLhCDXiDaMAfxpymksMDjYrWR,0,35,381659
19Zkmo9i9MwK5ZFwaYpWn1B2z762Ba4dMR,0,35,381055
17KHkZH9gXsGcQuDzFHJeLTWeY18zWtXsL,0,35,380961
1Pto3WM58RPWph9wQUjjX2cKgbxae8Rzti,0,35,379571
1BGWM8tKtFRA3fW1C55Gfs4j2xa87DX5m7,0,35,378540
1B6YxXTKzNzyLK4Bf6QmcYpVSifAR9srte,0,34,401289
1HbHu5mG4mGg4NHr5jVdj7WFJJGnBDy2dZ,0,34,381973
1KC2g1hmpMDbpPnzj8mt37j8o5ziec9ZYe,0,34,381901
1AF39PifVZqBRuvwwAGZ4sYXnCa7ZQ8NzD,0,34,381773
1BYE8DRRLJfFM9RQYbS1NEdpwDXqieWBu5,0,34,381596
1677VJyC1KpHhC7pZZ9rJfFhL3o4BwBUC1,0,34,378996
14dvovcPYSLWoEbsTy3foxKc6KxkoL2Eb2,0,34,368525
1A4emMxcUPJbshdTJNmPNdGVWudheiZu4g,0,34,364110
15W4J5KZUSPAzHvGsnPkmYZKZauAchWu9d,0,33,382022
14XvTsX9Zz5kzJKBzKPB288RLt1bz7Khef,0,33,381900
19wtgbyn9YXhFSNLLATucZdrco488TRok4,0,33,381855
1KgcjuvpoN3cWQEjphe9sx8DPNHeqpms5H,0,33,381784
1B6VQryBcWDHCv6ZLhC5EaUTkpgJFAthPr,0,33,381594
1GzduyukUHZ9qyjhZBsDaWg4Tanpb113vr,0,33,381224
1L86HHwunu32jmR6c1w2jbUTwivf6ERyT5,0,33,380705
1n6rUiDJebJQqfyycR2UN9XjAs7M16CdC,0,33,379901
1J8WYy6UJgrGWca9z96rsDPdzCpY72nxnL,0,33,379802
1PsDGBWFMNr7AMrYh2Cfi4VnHZzwmFKX4h,0,33,378580
1KjXeWJPjgz31ACLt2dQFcsT8nzUpuom45,0,33,377992
13UiBqGijCXD7cR5hrpwiVPm7aocT47okM,0,32,381950
1CXu7U1ooMrnrArfJdsfs3xUXJkergaG4u,0,32,381942
15zWuwepGtUrVi2BFPv3ypNaGk4JxiHAcm,0,32,381616
14tvsKLVgte14qzReZFAenuCHVFVYn7sgk,0,32,381596
112g76eacXtkju7Zh4k9bBPLWPhzsq2ZUS,0,32,380001
16nVfzk4dAu7foBCuozd82RsvrcNZxDgGU,0,31,382092
1QsiQEttwqukKddQbpjXstSTdU4pfcvzU,0,31,382083
1M8b5pGZV11eiNLTifBmLGjeKhrnawJiKc,0,31,381995
16VtcAFRZfiuAWhcMFYf2orER7g2jodf43,0,31,381500
1KSzM45ACgHd2gXRkEXDDHmSSZU2XtjvVJ,0,31,380375
1K9xxVPi6gG33LGu9hqCF347i2FZZxqwNB,0,31,379666
17vUQuga9xMmumRxFbXAB7ncKjzs6v189j,0,31,378822
13DD5qCLWmPvS9BL32hiK6jwHFR7b4GUX9,0,31,376577
