"#Wallet ActionCrypto.com (0d89154f101c15c6), page 1 from 1, addresses 1-20. Updated to block 724491 (2022-02-22 19:00:36 UTC). Source: WalletExplorer.com"
address,balance,incoming txs,last used in block
1BankHpn6WBVQXufMWbqTPWqF82bVNZy4V,0.00028558820486069,1324,624300
1HighxmbzL3pYca28XwUnfdbk5KS7G4qZd,0,3459,350000
1High1XQcK4VgMGkM3qvDAtsGLzJwGPHYx,0,1099,342136
1HighVxHYXrhCJFz9mtu66odocF4UReqfo,0,688,319612
1LowZkbKAbAV1y2J8LaBukenhn5NudGkQ4,0,667,319612
1LowgLC2EbFaNw1UgSsKXjmqJHQDhkemrZ,0,490,342136
1CmBsU9zR3HYsv6hMEqMpjZ7yYF8H6DznY,0,399,310322
1HighWsSo3fAbPmvtMdyVb13mHzYkGitdu,0,374,341082
1LowNcWUoAQUjSghnZvzvHFqEX3jHwPZQB,0,204,342136
1HighBHULUHBnG9JhcpoLg5pRmZC1hqNDh,0,163,342136
1AJwUX7Q4bV6rA1dz1MsvNBeNt8odBhHow,0,127,350000
1HighZ5xHG4BoxN9pUEER9H6aWtDGKE1Ek,0,100,319612
1Low9Q9dhN38goMnGcmrhZEQo5oc7iywKr,0,91,330509
1BankgWCedTNQQ1kRP5d63GtXKhDv6QcEq,0,65,330466
1Low4aQDMoyiCqw1vAQPLZgZ1MFWHDr3U,0,47,310322
1LowSUDmuhx3DrHzEyVvrrjGczw3D5rwHN,0,43,310322
1Highj6q73nnLwQquMekTvdyLWzfFKeCSi,0,42,310322
1High7TAVtpcziru5QsBTVFaHy3DFxnr1P,0,40,310322
1LowiUqAe2RHxAarm21ibnDeKZbkC63QuA,0,38,310322
1LowfrCfeRWwQNmBUC8XNvTgEUq4CC81f4,0,30,342136
