"#Wallet ASICMiner (0fe6dcd840fc7a9e), page 1 from 1, addresses 1-15. Updated to block 724491 (2022-02-22 19:00:36 UTC). Source: WalletExplorer.com"
address,balance,incoming txs,last used in block
1HtUGfbDcMzTeHWx2Dbgnhc6kYnj1Hp24i,57.168325990438,5026,653664
15KVxBvCCdPW8ZE5Mgxf87x7sRpqQxeDYX,0,40,291471
18tMnUXd5EMPcZRh7xPyTbJL5x87QbcP8G,0,24,235162
17HHMfVKuG9KRucypKwA4z33BXegKj3zVr,0,24,222405
1DVGVCt3vU2tJrSSY2kXdHNuzz12nEkBLM,0,8,218301
1C89b2TmqA354s51395FdaCz1SJPxDf4a9,0,2,232931
153J9iczJjs62KUWq8FaZ5q8MqFRRJGDwP,0,1,232931
18ZX6FvLe5cGpUZvUvAzYqDW4EB1HP9uX8,0,1,232931
1AKB7EVpenPDjSAGwP8egBnrfhJmLSpZdi,0,1,232931
1DaAKhVE9S1cqvdiJ3FETmNY27YGtkCf3h,0,1,232931
1EkBePPRup5RsXeBykDQXpMo3HvMVEGVpN,0,1,232931
1NyZo89LWsnAfbWoZ3kymebcKpdWXUsWGB,0,1,232931
1BZFusiiu3VipyqkVvWEq7to87u4mog2Za,0,1,228300
1EfSR8DqHLNGk6isBD5gpcY6LPfi3zjc1V,0,1,221867
1Dn3X8ioaSRyVPGGYHtb3CtRpoUU664GQr,0,1,221847
