"#Wallet BetcoinDice.tm (02c59ac18f62df8f), page 1 from 1, addresses 1-77. Updated to block 724491 (2022-02-22 19:00:36 UTC). Source: WalletExplorer.com"
address,balance,incoming txs,last used in block
1Fi57hAqyYYwaQVdA7a9qSKfiukBbt31G3,0.19351200014353,133098,426531
1Bet8sJN9rmeaZRBwnjPbCLV77TWY3PR3X,0.017943151295185,22264,422309
1Bet32kBtZzXViMs1PQHninHs4LADhCwtB,0.014909241348505,148320,557165
1Bet16kGTPwHKEbvNK4uQKtYC61Q4MHBst,0.0061221681535244,29912,533810
1Bet2yV8rPt7kE14AAbhYnxqw53uhCQd7T,0.0049803107976913,23703,422309
1Bet12kCPomyc35y5Lt99ZNnAr2pC66dqw,0.0029401183128357,14436,422309
1Bet5o5o23jaRB9kKNxqZ5KeBqoSm5Fh56,0.0028857700526714,84670,557166
1Bet6okTDPYGHZ9ukKf2FFSc5EjRoFipTD,0.0025881491601467,35758,533810
1Bet52kCyiritFn6rvmZKRrUSSpnY7HNWo,0.0024601109325886,25650,533810
1Bet4kUEfCdJeAM7KJJfJTYa2a3Ydm8aAv,0.0024600699543953,13353,533810
1Bet8kSeHDWHByQzGVoWW2ZwDVkgtWYJxZ,0.0022202283143997,16059,533810
1Bet56kWEpCq8ugG9tqAkLNXqaAQ4eUALp,0.0022201500833035,37171,533810
1Bet256HNReW1QqC3LTWgYMmpaVGFsZPTZ,0.0021602213382721,14467,422309
1Bet3kPEgUDDzxL67rS8NtUrmFPW1GNcEQ,0.0020401105284691,13476,533810
1Bet4FNnZsv1N3XCbW6wTTyVAS9RVUePpq,0.0018701106309891,12116,320872
1Bet32qgNHQGtxPCFMzn8kvuuaPiTB14AL,0.0018101707100868,13335,533810
15ZY5nbr2SLtAP22La7323uTBEsM9XxfTZ,0.00031000003218651,35722,379363
19gXXGUvid9JV4W8XDAjVfv5vgYT1rbS8R,0.00028058141469955,14379,531990
1Bet48k9LzVSdJTWjabFbTr4x8foPzgDRw,5.9179961681366E-5,7221,420606
1Bet15Zqh923xeoTBctVo7MPR6bLHP2MA3,5.4620206356049E-5,1700,533810
1Bet64kV7WuCNrmytagBEoixE8Kd5vMmnP,3.9689242839813E-5,8555,533810
17gfUvseEjp3aKwReMYUawYxsd25Wq6CjN,3.6388635635376E-5,57719,531990
1CaNHx4vzpmPBv4a6U7pcKQF6R8U6JeLUy,3.6388635635376E-5,37306,531990
1Gemk2fKb3hvgs4bi3hW3y8vCaJJrx42NC,3.0461698770523E-5,42329,531990
1Bet2kA75VWi9goKoM58BcHfeLydewp2hU,1.5400350093842E-5,2611,422309
1Bet24kC9BqJeCbc27hkahoAsSVHLaYfLr,4.8428773880005E-8,26984,533810
1Bet6kDFAjYzJN4tFUmVHhXcWxFRg8bNKb,4.0978193283081E-8,2275,533810
1Bet16b1xrSmqfyZA8rxbdR2iBXUtn3ai9,1.862645149231E-8,9981,341402
1Bet64eDxYufs2Y9rnB6ugx2EYCPyLEFkF,1.862645149231E-8,5201,420606
1Bet1kBfaSrEdmrpXEDqhxYhrUpyZCK35g,1.862645149231E-8,3970,420606
1Bet128rfauserH5qyUKzgkJNoa5DvMNQf,1.862645149231E-8,3702,533810
1Bet512sXJgHtugNSDWDK4YtzqxCkHnXuL,1.862645149231E-8,3557,533810
1Bet1vD2P2eCEnKwGqDi5Q4UFwTfeg9mTR,1.862645149231E-8,898,533810
1BCDice2HFUg2Ra61CidQtvd1tUAnLbyr4,0,15074,420606
1ANUNGiYbohBx6EgHcRyzf5V7yVURqRMdn,0,10,420606
1MxXtdFS3NYcQXZa1iAjR5mCgy4fAVF5dw,0,8,248490
1Bq6FpQS4CTyyx3iQaHyDYW5ynp2pAD62Y,0,4,248491
1Nfoo1DvEkG3wDHMCW414kDoQnwQB9p8mn,0,2,248492
1AnQZwr6LWftT9sLBEPZi2nPUnVdqSCvsT,0,1,420606
18rKE8mPth1NTEkUBA4MAiNHMtifLeg97B,0,1,296104
1f5XXBq4tfVzyRD9goTZjMcGxS7pET8Yp,0,1,296104
12ER9vaYE6n88gxAPcQ2ZPsiutazf4Mfgv,0,1,289229
13QNnLyVV8Su43tK77jyuyz2qDVeWvpEwj,0,1,289229
14M1pmFLXw8Xq42yBdWJZAvbPnGfTKeudi,0,1,289229
14zxwD6xHupYqCE2e5GCeQs2sJQ8NByZou,0,1,289229
154vaGo41uLEQki2wxHfsWSFvk3u3jcKyu,0,1,289229
1BgZ7FDVoERkfhf6kwqmuLUC4njD6Rg3i6,0,1,289229
1Jb3TqYKVTr2umNGqyCojhJrd3hScTM3hn,0,1,289229
1JtXm5bzWRp6yQPMMCvRwbjzK75yocLZE4,0,1,289229
1KUjZ3TAzat1CbQpefstGL7y6dpjXE4oKD,0,1,289229
1Mn3rTFMKQG3TgYSoL86psSJXnK52Tj9Ms,0,1,289229
1MwtmTbJ1UjJaqG3s9Qc442m1xMpEPfYAa,0,1,289229
1Pb1zPR4iVJVYkTaz2zGkAXSv4RGwYEcsV,0,1,289229
1Q32wJRuN4RzAYT6t68wmagFob18QoJz4a,0,1,289229
1H4rUozDgyLAaddBwmSeTDh6nNzkoSAQGg,0,1,250086
13Edw1fzcsr7inx4VrFSZab8mK5aXLVTFw,0,1,250080
13tVeYdTYE3A974RKG4UxjUWufYcQRycEo,0,1,250080
15b7TZTBtJbkNSA6UFBsgyo7tLCmHfCpEr,0,1,250080
19eiCFoSSFqm31YUDnfd2MzofbunXxMc7Y,0,1,250080
19oQpJQDoDF7JS99LitHEhSNjtkrMXgktf,0,1,250080
1AqYhTgiwnMZaRokHs3eP187a2q2XAnQ3x,0,1,250080
1CUzojW2BVJ412zM8HgrtL48hJGZsxahZB,0,1,250080
1FvNAvVa962SUpxyLHbNw5xmydRdPtu2RB,0,1,250080
1GHpBX8jLMAXBhJZmUfSCRQoe96tQ2ny3H,0,1,250080
1Gnpa1aobNG3jCeZXa7QBRzTosP7zkX55t,0,1,250080
1HezEJ6hEoyWBUNfhZmHqLTgynnj6oK1wc,0,1,250080
1HjPBDQXpn9vLKSxeBvWVWP8xPcSjKaoTV,0,1,250080
1MefEdeWLZUkBiLQRifmD2VjxQQhM8ZccK,0,1,250080
1P9u1eTmGpFdR5dAEZH9AzDEmBD5ng8ARp,0,1,250080
1ki4CwfVPQEkuJjPfdgTgnLyfu5Kkc4L5,0,1,250080
19137XHyRx7kAsHgwHMWf79AKiUatgjGWh,0,1,250031
1FDUegLARENbybofvuUXAAYABp3fha7r2j,0,1,250031
1J9bpRzgzdCywyYkBV3NbDtY18BewQ3k16,0,1,250031
1Dz6qVy1QfaJ9FdBV67Ywwypya5Uad3K3n,0,1,249902
1Eih5CGNsVi1FB6MAerVLDKwzr8bUAv1eh,0,1,249902
1Kp5eauGvUvc83519wtdrtf8oFXazTyCHM,0,1,249902
1Hb4HSRuS9UnEhwXxtTj18NwKrDVc7CpFq,0,1,249849
