"#Wallet Bitmit.net (0000947bbb207bf9), page 1 from 158, addresses 1-100. Updated to block 724491 (2022-02-22 19:00:36 UTC). Source: WalletExplorer.com"
address,balance,incoming txs,last used in block
1GAEtZH5u83jBsH6ctdUjCKuRGRtB4X4mm,0.047497898340225,74,341810
1P1wFj3H2hjjjHYM31ejE3yBKBzXgCTgi7,0.0036072991788387,4,283971
15n3pqLTZte1XmKpzgjucriMEcZ9cjgib3,0.0019199997186661,17,321627
13z4uC6XZnqGUC8AUzjyZrXVLg5rLR4koe,0.00098970159888268,4,447002
1CZWkaTmevETxMtFvWT9CUDzLcGaiXNEz5,0.00014756992459297,2,277939
1ukuESzELNrELt2iqP9Nxw6qPHsW4ygtB,8.000060915947E-5,24,272226
1NWuHWNwoFz4Lc2Q6xGnBGBhPdtyftLMr7,5.6710094213486E-5,19,342565
1EHSJviR2cf9sXz1tTDEHK5WEiMjhkXGhr,1.5001744031906E-5,35,280346
1FpHTo75nYjtUZ5ZLCLfPtAcfqKR2DAAmG,9.9986791610718E-6,10,319545
12JB8S71rDNEoYQEFutQkZLJLvNeUwnPB7,4.0009617805481E-6,172,275181
1PNTtE6UcnbVFSqkxjUn3ykCRidM4fQK1j,1.1175870895386E-8,2,268545
16Gur2AaS1fFyhekotgdadyvoKcwBmk4rV,0,1297,275181
1LNZi4rv3nBXMkMwMbC1njNX7V298kKM8C,0,302,272650
1LJ6gtimjVgrrXSt2JtHCLu9YR8nd2KPQn,0,207,268433
1AcuuCWNkkibHWoc79FwrMHAixA5aaMiaK,0,169,244009
1CdHMFmg3Eq6ANYJtTyMuzKFXZBR9XAxSp,0,114,232161
1QFLpn6M3a7sWHwLGu3vL7DRUFBH1SVV5T,0,105,261594
1DmLbvb8UZw4xidjbwwLA4tTRVAF1jtw6n,0,102,268246
1FNaLT6jriqQQ8A2e1DW6XwWEcfavhFJfi,0,100,268120
18GpphN5GUcXkhvssfZ2XrCXYRw5YSJ6No,0,86,267481
1J7T1xQk2mdEEb5wkP73EtXTox6vWvE7ML,0,80,179474
17oufbSawkbShCzJFCBDSzg3Hk1etuNbqd,0,79,259716
1JZGTHVKPiMirdvcGYfjHcoKta4adNCtQS,0,71,222957
16zjaij63XSb8ExyW2noAHuKFhf8WXSTYU,0,70,265405
1MBrBQWfQeD9w15JVCdkw1egCGVYmQ1Mi5,0,60,204656
15damaTaJzbFGkRBGrpwBUa7XGJbVzjDMj,0,55,272650
19wyvMHDy1WUzdw4H9CUijx4htZiSshhNU,0,55,212000
19byQ87XbmxuB9Cq7M8GU6jGVQtLBN4Hpo,0,53,235189
1Mc8yfqFJAFawJBTW24zG8CX87iH9pFUqQ,0,46,260264
1GMipYtgWQDzHcH6DnEkT5dAebyob5J1AG,0,44,268777
16iJa6AArVhbMpaisvUvbFWeZfYaVvXfjL,0,44,259889
16MK8mLSAohZfERtDWnUMRDXc7LvxinJ9g,0,43,261996
1KCbjsQXKiyeqGWwLMt6TujhHzbcS8pwcw,0,42,245799
1NAb1DvZquVySEnXVAfQWTdKTLc32eFW5w,0,41,231480
18v76C5oAQLwCGRNYiSwcZuVZ7SNAbkyR4,0,39,260223
1CSmFHSy7w9PzMgKYEAe9kb8BH5cT14ncR,0,38,268392
19YSjHRRH1NU8GdpCxeTnsPwJ3yqUJe1qC,0,38,252502
1BMWjkB6JPr5FJVgYcVmNUBPc13yR7gCzg,0,38,235208
1MZcHvfRZVV4XFm9XKoXUCBZkc42W8z6bP,0,37,249212
1BpxUQuF9NLxWibSwYioy929qk74XTdWdF,0,35,236372
19FDoqqP8aWJA9BgFT3Zm5PJpLUpVcbWic,0,34,258072
1NnPDQJLSNWXTTviMZxzAbvzSE9AH3x7RJ,0,34,239911
1vnLBt8UAogZA1CysUY2uEmQ4NZRXDVEq,0,34,235569
1Lsmdx532s1E8dPb4phtnhyomMf5NuaU7F,0,33,239911
1CfRddj93rSvZz8ufwRtuuAvHSVerVqE9g,0,33,235202
1M7KfVE9PNxxy5W7pQ6UmBT4p2C8bWdrfF,0,32,249754
1N8XVEedenysYyiGDk5n364EYYg7GvQQnu,0,32,245515
1FKjUHREK83vh7weEG3Y4RhS5C8wPXc8Uq,0,31,248281
12z6zQihhMDnr8pHq8JafQpSLiVCCaakCs,0,31,235569
14MMbSMg8QE8Gjy4DnfQczK3gQAAUy2G1z,0,29,268431
1BcMFfCMnqt3BUuLiLGYXtoup2xciEkreo,0,29,267598
1EwbUm8bHrKZi13K2X8QcHTLNj8ecpeGxd,0,29,245544
1GKCqBHM9CsSbJcgMHs5j47N7daos2HxR1,0,28,235029
1GDJvWADM2Ks4A6T5ew1dYaSosyGPuaevQ,0,28,191311
1DfBiF4adCAcShJWBC9k911oNGDryWVhw7,0,27,268545
18JpbFRJvSLv4jZA13AuJXzHAJBsPEWHvD,0,27,267339
17iC2PcHJiUqwwnoK6nE8eJZR8uBxNecqm,0,27,239954
1KFZzawUZpVLYWLybLA7UQQV132GaPi1N8,0,27,220387
16FJ8eFXqPAi635boXuRjqDRGELyWDdfsA,0,26,272650
16jRfExCnmzbeL4ri7daRQwUexyU2kDY1L,0,26,267515
1JsfGxoT2mFmW1pjig1HUJRCdVoKtgSQ24,0,26,262390
12ZduAeaseAUzFbzyA4HzasiWGiVXVfJqW,0,26,260863
1Jm2HzNtkhr2D63urLDoEydbXwYMPsCJA1,0,26,258262
1PhyDGDJgkGohyB9uoBX8iXoZZq2dbLegH,0,26,205028
18APuVgCAkjCPDMq8qES6CeDSeKeAZGe8F,0,25,268412
1DyyW7mi7STSgieHffujf4xDyEeE1hJXy5,0,25,264954
1JthuAx3VworNVUkNMccGfJSx4PhP89Ucz,0,25,263214
1Kn1LJiUZ5xiqVmM9DuqxaKBRjH7wSYXVP,0,24,267160
13E94e4jXMGDZxCC3nx1oNvt3U18NFDAQd,0,23,252097
18CRtunP31y5BBV8oXWc9owdLkHfqGn8g1,0,23,235240
15L6CvVdcEM92SWkjeRXtiXAM52AtZ4Lys,0,22,269089
1LPMgkxKGh3psvfjrkKzUtsvQ1itPEawbY,0,22,268568
1Lt9wrnws7DvD6pwvaHm2cAvf8fcE82fhr,0,22,204232
16272TJ8DJhmaQLfikg7aSJ7nJt27TanGS,0,21,262418
14yZPB8p1oaEgnxWqvMEadqfFKGZgc1yuC,0,21,262390
1AX6co9S5JyuEpngWJsZnM4Nshh9WF8XvS,0,21,255781
16JsDJPsMrL9kxKcD4gXJ9k9br9rJVXoC5,0,21,236509
1KSHYK1FfkaaZeJnh98tyXjAmRUsRLxW9e,0,21,216275
15z9i6GY5q3FHUyuFdgXJK8nueLKdjJNEY,0,20,235029
1JoskwFqeC2pF2j68i4WbeRipd74ekvk7T,0,19,268605
13Jexhz3FKYNXUN529d4tYTMtcbADfybix,0,19,259862
1B36FUsD2k3bFTcNTgoH1YBVafmhGRxy3f,0,19,254774
185KPMJRJJni6VrT4LBFhg76MqefhwL3yr,0,19,252546
1KrCkekENSjLs2mn9eFbTH64V5jxsVZJhi,0,19,237578
1MLVkfAbkgHFTGogks6K4H5MpTdqMnp2uh,0,19,209832
1HRrk8NrXQdGpF1H7HZmehXxJHhq1wViHA,0,19,194829
1KBbTJ1G1KBJmdqiFbYDRh6KiBwFUWkUis,0,18,269089
16aEGJ2xkmsWXmbjZdpHboQKgdWpj2tN4,0,18,268401
18e19gVudEqy7tFywRTQmYYkvGTDqUc5S9,0,18,259924
151N7xAJwXESkraS3wcGsj9y33GZ826SL5,0,18,243503
132GDQfG7uLXRNJrkG8ETKBJ53EvSp2xM4,0,18,235240
13MKXsYn59TsxTLtT5qZywPogdydkh3KMK,0,18,227727
16mkexhDqWs9BZaRy7jmQvhBb3dCb7NQEP,0,17,268537
15ckRXj1XUiHmhnFw8C4QkHHu6tg1931B9,0,17,267752
1E4qrTnVuh7P7BByjZz7fesnsthiYp1hM8,0,17,267301
1NB2in7bxP7e7jBjM2kGkqGs17k74LBEAa,0,17,232767
1JMh39NNEsxdiv3ottzo9Wmr8zfuWMZdhD,0,16,259062
15U8LvSMFML81jNfgzwdFBKEpNg4DGPi23,0,16,258219
16AkfKXyE7d8CEQ6iSh31H7LwENZ3smrdP,0,16,257725
1DWpG7GnS9hhu8N6qHmax2TnMaKrgD9sNo,0,16,244202
