"#Wallet BitStarz.com (008db4bc15658fd8), page 1 from 11, addresses 1-100. Updated to block 724491 (2022-02-22 19:00:36 UTC). Source: WalletExplorer.com"
address,balance,incoming txs,last used in block
1Q5X43DKVF1R8XM1MsyquCaNmNrzzmaReV,0.04771139100194,213,446555
1Mb2zau2DdBYXwxBTAuXvi1YXzqpFJevwm,0.015379998832941,238,446555
16SA6MaFDnReDtcGcDf79nPcU7wTn5QXTZ,0.0031999982893467,628,446555
1Aw7KTZNgCqUzgDF1NV3xLggjQFZXvsdpQ,0.0031079985201359,245,446555
1KSkuyNybm1noYpAmxHQTwRt61Jj2DPLqY,0.0014621093869209,20,404112
1MUfptAVV9e8etnEouJpiD6dUgdzLDbHwf,0.00023502111434937,71,354905
1KAc8c6TuVXbSmUxCekxVC9vtQZA47Z4Wc,0.00010000169277191,2,389038
1FXbGuZEgYRAd6t76ogewKRdLP87XGLjLc,0,800,354817
16eqHpXNg6qjiyj2wjdccnuzkSvsPW4pap,0,726,354784
1F2mLwjjyhrGySMT9hhoWsvkcAuW1LB65Y,0,602,354837
1GJCfk6SPBeDYCM3r4i1vdYFTyuKPSi8qc,0,580,354835
1EFFAaJhDjWwL6HiuPZzUz9w4JeEscbfu5,0,395,354789
1LMkePwUKrjoEuDVPjt1DVj6kgSVWW3aL7,0,366,354817
13tYWAtEbHworutv5hhAe9RDLFHDgNS3qm,0,299,354811
1woAwcfhB9HcHgKKGEkJRBXzCtzx4QCmF,0,246,309898
1LSWs8WxiTtDBC21bynhkPaAtCwaj5NFgn,0,235,354835
1DbykHdk2vQpVanHS1yZiK6tjHNbyLcQ4B,0,235,354811
161n6eXes8az5uLjZmbBYczs2quJ4rdpaf,0,228,354811
1HjMhUF4ZU7x3EP7qDuKLyVcfFaPnuFSnZ,0,223,354811
115f73b2LuTTs78F2V8guFDLmcVH9jWkjw,0,217,354837
1GFvR4iNZgNWQMHU3BJ3HDCh2qUPKKh5Ae,0,199,354789
1DbBPMvYArwK3Yc9BSj81DFBm4zx6HvSvp,0,194,354811
13io7tLChiGZgh58dfMV6LgM3ARe9wuekF,0,190,345728
1AhQgtbWMxiQpFmC9fyJarK9jNbTSTARvB,0,188,340184
1E6LWtUhQPxq8uPoPT7oV1gJt55AkM5q1E,0,187,354811
1H93qsojEMo9jzuyoBjEhm5sfDbupSHLuM,0,175,354837
1KkFrcGp36TK4eSTGzm9FeVwmuWRUz6xQQ,0,172,342217
19dknQ4yZiRwqETKfeUFnmtGTiyw22zNdJ,0,162,354837
1KU8zp7pArKNxNmSw8o63rDwvWLNK8q7q4,0,161,354837
19tSpHeXhnRhC2nfARPniREGQizp63XQGh,0,158,354811
16MKRsjA3SSGAiJzYYLxLYPuu46AuaK8pJ,0,143,354817
1EyMvp3NkLjDzMQ7GDzqu8zwVowj2tZdv1,0,140,354802
1GWhiLZWNvXfCAEvCw4sg91PvLnVci5rhe,0,140,341274
189bGSKsiarAt2n5hwDJCqzKe8Ls2VQDXQ,0,139,354784
1PHjDKSUTmaiminPy51Eac67duPS115pKJ,0,134,354789
1LVQdM4VS9tYpCWPR5okDc28rnt3Ufn22w,0,125,343556
1NqYi5czyzdwebMoZYGiSpRCS4LGAqQJHG,0,119,354811
1PyrUWDPwVDuosk1rYQoVCEaRLrPxbbDLv,0,118,354811
1CDiDMnZ8YMEyXcgTgAXTMdqQxNi21uAxT,0,114,354837
19hQZBhoV44gqZ2CBpcsL1bYBDv797MAJr,0,113,342426
19k3dTevZnPZM4jwYLJGAunVLH14aG7LLz,0,112,354789
1MYHwYJPED5ztWWVfMKo6couvVkbatQhf1,0,105,340184
13Fk3prUD6GudEa2oaK8tQNAe2VWMhePoa,0,104,354811
1MQEYW36b2cbJPbzfosd4v1SmV3wxg5sva,0,98,345720
1N7s5p35ptx8dTwfN1GebiVPUyqwXCEUD,0,96,332348
1KvMc97R9L5oJKpt1qyeiLVrx2dwx9sXYt,0,95,354802
1CmQsULxTZbV2zH3hW4FqpufRmgUf3q5Hh,0,92,354811
1Ltv6pjkGGBZZprYDqJ5AUieKuxBKPp2gx,0,87,328504
1KWKjRSWbjAd5RUPkgFxB1QSHnbZvUgezj,0,80,328320
1Av3qWHp5UqDKBXe56N4FYzJPdErR547sx,0,78,354811
15UrwXs6XAHBLP6YoCwq3oyx4P7XBnFdMp,0,76,353237
1KrKZpajML3RQqzYBvAsoFrKY4djzYBRwe,0,75,342903
155NuPzmc6NpmVQuKoPSxjz9eaBmbkqHoj,0,73,353252
1CcV72omQpHxwVQdjmYDpBXaNn8b4e3jVK,0,73,342233
1MEgC34MwbtpQE8eGKkXvS7Ygu4cDouWAx,0,68,331464
113Z1TcrzgzHWNX7EJRUSZ8NA9rtqCfjYR,0,65,332738
19bvfkUHenEf3KkkdvMib4yCn8eYn8Bi3p,0,59,342098
1FNHKz7cyiyvfS2DnFTgioBjW4Ca2YdogF,0,58,354811
1Fbz6dUgoVR81meirD5ZT6Y2cAE4iBaqxv,0,55,331453
1JMJxZZC5hn5mgmiCiNjAi74NL6XUs68ay,0,53,354817
1BK6Gyh5dLeLavGnYBHQUiLHWBhgmvXLWT,0,52,328320
1DWLorNrQfXzTebvTxkMBom4FkHenQ1Xbw,0,51,342903
1MfiBYjoUaxToHzfd1MfeMngxPGauTcBtJ,0,50,354789
1Pz6uHPixoj5byJ3cBFKxFfDVH8dhvpv97,0,50,316279
1EmRrpHB89zM6A1UNKWDqu576voqbEcs3d,0,47,354835
172mQxkefxfzbuDCH9zU9owCfUSKwuiLRg,0,42,354802
17x77sipqQQmm57tJV4ESgzMrWnBzZzjgN,0,42,334979
13BcieN7nQrAGWNb4HM8ZmhzWBJHnZHDr7,0,41,354764
175Li5ZGuUizUtSrpXM8Jkot65jDcszApo,0,37,354811
1GHTa59PEscQY3t6XRHjzkhiR3YgCKY1dE,0,36,354789
1BBvULTss7p5bk3AKHbj1crMTm4yGoeKRG,0,36,354764
1JqMDfpfFA4LaewEQbN7RZ3D1HNvnduy7U,0,36,341838
1JeYFsV5GqgKxrAzuv5jN5aSzz5RG8j1mT,0,36,332348
1CqgoR1nJnPVKj2i2vgLVaMn43H6ER86Ap,0,35,342217
1LMv82JH4SnqTvxuAqWQ8iMSickF6Gkdc2,0,35,338474
1FPtNCnbT9574mXBaPtvjGs2Hduu4WsW6M,0,34,353262
1BEKLYkTU4QcnEbCsidNCLhJ6u7L2nuE4T,0,34,329874
19dKqruPKjxhm5kbFgKrSfzv6JQtc4xf6c,0,32,315471
1HH3u6heHko31aCr5fmoUhk5zvUzWXYXS4,0,31,324828
16gFX1zRBWiMLmGkm4WoTjPJNSCCgczkbc,0,29,354784
1PWrZ2Qr7rsH7RyvhBBhCjEtZunz6KLZyb,0,29,332953
12PsfQJP1AeBuTbkNw6Av6ftDojbT19vSy,0,28,353252
16S8BRRVZTzKYHjxzuqzwmo8ZFb78brRYm,0,28,340589
1JmamLSxDrZtvhErTK4oEbiyxr91p4juj2,0,27,354789
1D5FSL6QhN6hqRNFt1AMekaQBQxsRPZEHf,0,27,342426
1LwRAGG422eteCdFSWCqgCkQKkDhimtCvn,0,27,342426
1CUvmDBA7TphSmRDsHTmUZ3BktbNWoyqX6,0,27,338474
1JLuZMMPceTiBtKm5ABCaFAaxfWjTNxDtX,0,25,353252
1HtMiop9KhDUdVBpePjZDSorodoyKibM3K,0,25,353216
1AbhXpAyCWYvGxvLmrofv6ivZ2ikG6UTZw,0,25,338059
16rKgUnibL5ZsqgrjBqzoD2uxcufZsrhcP,0,24,339925
1MwMJtXDW7jQDY6Z21GMm885J3cX9QFxGq,0,23,347028
1KhABv8xVfbbyTs3dMHYP5SPdF5ShA7arA,0,23,343548
1DcW3DTW9QBLxA87t3j3D6vH2ZJ9sXfXBZ,0,23,338474
1HJGM6mYL8F1mAJM2oc5h5Ms6dyDfJQGoG,0,23,332348
1HKPg8BBbKPrvCbFVL7qXdTvAoibXZ5Qwz,0,23,331464
1KLVupj1CgHoKpGKgofKnhTMqEuHY3MWYQ,0,23,327496
1FeTKNZs6FbWJ4jpWf7jbTonqFPQRqHQ6y,0,22,342889
1FYfgCr4SsmWCEryVkxLcHYxUho1oVNsv9,0,22,314083
1CEzQw54iVUqZEX4F2BTFw9jcfVpynV3DA,0,21,334128
