"#Wallet Brawker.com (0074fe96db142c18), page 1 from 5, addresses 1-100. Updated to block 724491 (2022-02-22 19:00:36 UTC). Source: WalletExplorer.com"
address,balance,incoming txs,last used in block
18JooiJfBRdoshuusbzEtuHcwD9LZvvLw5,0.00010000169277191,6,362316
1QCTDasCYCK1WUU5xkSnY6ZZM6o2ogSsH5,0,75,332538
18NuUcgEh3r9ngxyM6xiFAqtpUVRHSZbWE,0,67,329900
1EYebatvsyqME9Z4T93mXrqdon6622P8sB,0,57,328723
14o8oEyz2P87Gck3mLMa5tg5uiNTybU4e2,0,28,330291
15qwH6CEJZVxdy9t1MLxT3CWsMNZWWVCnP,0,21,327462
1DmmMMuUirzsKerBHeHFnbQcnP6swBgpFJ,0,18,332086
1EBS5G6mQB48Hm5b89szCgUndX76FdayPp,0,18,324818
12zSpfpeY935kPjbw2mHmGTQRqu4eDKSPz,0,16,334440
1HDpPEcjA7ihYyMAQXs7LAofsSYRPzHbdw,0,16,326629
1M6udc4hYwEbjZcYQ4V2BsR8RbxALubxW3,0,15,324665
1GyTWzVgC6qDxr51fojedZLkh1CSGc78xs,0,13,326490
123Nx1kmBGQhzTZeGHmLWQ7LSeUiMKkS4H,0,13,325348
12LNPe4eQbGLGJBgHc6NuWBme3Euj25UFy,0,13,316482
1Dn4D2t8ybPPwy6e7UbBPR2Yenrffxberk,0,12,329747
16GviS44UoGc2vxWWxDWX1fwCD6fM4ZQUC,0,11,330307
1CBrDKhv11ArDhXBPeBzyKuChgz4P1KFKY,0,11,323063
1NoxayD8awbNHzkL34bmw3yzw3P2Py1cRp,0,10,337791
1M66sQbViLaZKn1Tc81tWAD8sYNjZTNSy3,0,10,330998
1PLVCYstgkZ9kzMp2ZS4dV8Xj39eCDeA65,0,10,330522
178HRFAXfAdxUDpddQaX5NmptaiQqCmA4K,0,9,331655
12ifzWnRP7kXnWdHrJ7GupZU616XCYTBeU,0,9,325607
1LVtkwK6jnjhQ3LMoZVJxnGjmbDCcKNjxs,0,9,324818
1K9t8B9TkxhYF7m22TY4sof3axpydrk8ZD,0,9,314417
1BNVXZ1TLq8VUJs4YSWVYbE4YsjBjKL3Uq,0,8,322201
16Nj9LpNohKpjAENPvZWzTnFZqWH43KgoB,0,7,316891
1ESSq48XpAraN5RFUXSZfgn3zsnYxZzoPV,0,7,314784
1McGKcYG228cfuTECQ3J7qfn4VU7a2Xxp4,0,7,313978
1DbzAXqPjgKnQLF8U4iWJRuH6SSrBr2DwZ,0,6,332472
1LjqGgLutPPBowXUPMGBqELxVneNg8Kct7,0,6,328980
173m1ev7L965NtroEJTgALav7498C8TEDq,0,6,328067
16xjRFh2UR8gdxznosjAq8usLqQhnEsKCX,0,6,323544
19xd628JDAMCM3TuHdNWvx4F26Z4sQYsV7,0,6,311232
14g47mezTneRZahTm4Zcdfr6EWH7D8fSDz,0,6,309554
1A6MPoXVtJuGt73yCVejDSCPgx7fUGu3QB,0,5,335633
1D3qYvkfTyPrXk3nrWQmyNWT3b5URJTaH2,0,5,329738
1PBW863Z4gsS4rj8SfgHbnorNmq14Wd81e,0,5,323933
1BukGkMPbqBT8ypQj4xhmKSF6KWJfzymDT,0,5,322901
1N8gkJxpHz1MY61ozCYSEtpAeoFMQAvyq8,0,5,314784
1A9RB1b7tuHqCVF6YjMXfEVoYkgeJ9KiFt,0,5,313978
1MG1E67EcokET1nE7aBzFGSiecaDfoFRbG,0,4,331256
1ABecrujWfs86EFrEmxzkjBtXVHk9tbDnj,0,4,327683
18sqe3Q8JJHtuKnMNhgYXpBDu77zUvds3a,0,4,326584
1BuinzZqNoKWLsi8bQ4qzP4QiYLJddBbtV,0,4,325037
1F1ua4bUPcs38es3X1Nip8ppp537UEDV1A,0,4,320082
1BYkUQQRee3Z69RS1UywZuCNuMdisXJ6tN,0,4,318782
14tCK3ZXB7jj68eHXikG8L7rgqyW4X77Yn,0,4,316261
1KoyMg9rW6dC5AQFVT8qN45WjtBqNYmrqs,0,4,310654
1A9Tr84sDyBpc6tjDGjN4e2Ug85nBRM6k4,0,4,308763
1637xaLxRHYQCKVRYG1uft15pN83Uf95Gh,0,4,301983
162PkDqZ6RE1AutPVArRo2vQuTh3iceK2m,0,3,332533
1eFMQNPr3Y8dHxQCQNKgQgkLBVezMvVm3,0,3,329738
1N96PEiBugKdhjGxLwxZSASL8LeekREhFA,0,3,329167
1EYzJxMcmsjYpawviASJ6uMn4NzQ25KBja,0,3,328969
1KqhUCg6JVFY2XsjRTiUxKyBBF8oBY32Gz,0,3,325396
1pKDuc5Sc8Ae2nj7xtf8nDy1oTW1bpy4f,0,3,324163
12F7rUs11DQSCS3MyW1YuTuSFE8BnT2EUL,0,3,324156
1A7DnC41PViDhRcm1X6G5fcwRdwHu4hGRb,0,3,324069
1L4MH3Kk4Pp52RADu6iSDX4X7qE6T61Gte,0,3,324069
14G727Joetn7ifUQajWQMYtTBzaww64GEH,0,3,323933
1GukPXLp3TL2WEerP7e2zP1zvyyX5qVV5p,0,3,321258
182HpCLYg5r5wWSQAeAbaYTrBdL4gFSima,0,3,316269
1Myp55eEXggC8Ri7Dwmaco7oW2tGAypqP8,0,3,312811
1ADfr2bkegBfPT2YDESzMJFXQ2h8kB9kbz,0,3,310717
16Nb1q6mbcqA4w9DTnZ2MuMXCusZmXrCgx,0,3,302413
13YHd9kChc2hbWbjL9kX6HQFzurBbiePGn,0,3,302406
1LhabLE9jGDSxVgJXSzknoQvW3XKgc5cq4,0,3,294935
1C6UhzTp3df7ufrtXsCUU6UjJhjHWRt1hp,0,2,332705
12bHMoK1aTDhP3FF7mHJHUeWZi1iaygYSF,0,2,332254
1J2Rc9PHVjLXsCdyYVBxJ7xwnBp5sQ5xA1,0,2,329738
1KdNUzeoEZuZWqaQaEdB6LMpn3VE5T2nDh,0,2,329621
1sLinsePND5EwWN7ADpGuCmCr6PhN3dVK,0,2,329621
1CSeWH62aHGupkApsGuGryNZ8tUy43H3yz,0,2,329169
1ER4Epa5iZcPE6us9uStpf2HdmVun7TMyN,0,2,328067
1Q5LdJVS35J11UFCNMugJZgV7voQsFLuCn,0,2,326849
1BArn9Gw1q2fkCxEpvU17tnNgGokkjRxBQ,0,2,326123
1Eg8r3QiyoGZoFxvxBvfAjA75kLyiq9eUR,0,2,324169
126P7mBuN7JUfiUzDGSkQdWKEvGNodD7QL,0,2,323933
12ty8Jv1vMHiPnqyr7hGb1Ycwa5RXRgJM2,0,2,323933
13GfFXqsJ9M9veEcv7Zg5dhLuxPiZi723h,0,2,323933
16rZuQ36ow2M9oFpBv4TepdcaBFbCYZnXY,0,2,323933
189p7fQipfdZiQRnzqYQ5qq87WMEUwLx2k,0,2,323933
1Cy7yidJVSM7cu2ot6HKXqW6MN9jfx1DTD,0,2,323933
1DfoTPSAi5NRVgin6MExnQtQmMwg49GAHf,0,2,323933
1Dfzaig4Sw9SQkbptfWHTUZ2Yrs9sekfs2,0,2,323933
1DkJA5zdYQRqUokMAUmiis3urB77YVH2Wq,0,2,323933
1FNpAkB9NxRMw9JMTjdFq9nV6ybimEy4jt,0,2,323933
1Ju2Z5p3FVC4N5EfL8eusw18fseVcAm4LQ,0,2,323933
1KbkVmLmCX6J9Ci9evoufQSpNU3Lii9qSa,0,2,323933
1LgdQjdLCyUSwt9WucqZTrEShqDUUFyAtN,0,2,323933
1NSMA1nhuddQR6SK2MQoGcwtjWXWMg1SQT,0,2,323933
1PNZj4tuB8ibCBfZc4dRJGmfe63Ni8jHA5,0,2,323933
1PpL1PDNpNxx89KYn6oqbDPNKdw4f1mYzZ,0,2,323933
1Pqs5aMU2MTvBaeM269x6qjqUcf1VMRDe3,0,2,323241
17Wva8bcWLbddQLXukcSwNg8oyjq3RVk1c,0,2,323204
1NvPBuF8M2oT3xRaKzZxH6tpQah1wGHrDH,0,2,323204
143Aec6eagK3ditdmqR7ka9BsKGALSz39d,0,2,323063
16gsWNC1E5KdGbRxbUTMvWGBxFitFceZbF,0,2,323048
19HVuw2MeXNAR5qqHieNfeZiJke7mtiWF4,0,2,322901
16RKTLmWHBEYrDmprfzS9sMyVnNvYvERuy,0,2,322823
