"#Wallet Btcst.com-pirateat40 (001759702ef1697a), page 1 from 13, addresses 1-100. Updated to block 724491 (2022-02-22 19:00:36 UTC). Source: WalletExplorer.com"
address,balance,incoming txs,last used in block
19TWwMYNDf4vdzud6KH8twHJeJ5P4NjWt6,0.00016999989748001,22,218034
1B28wFJMraCBPR1ThCAUHjMFq5jFtEaN77,1.0058283805847E-7,2,254137
1PSf86KnLuzM7Ris5kDhTEZwooR3p2iyfV,0,492,195793
1FKGybrWDuPcRwPBdDPS6CjrZ9urqaZHwK,0,487,193726
1Jy3vqmq9pSS8XgrtYfrbuz3GV2xKTb2x6,0,371,194047
1FmC6gUV1tkT7HHmQzo3NwtgZs3WGSz4Rd,0,207,193726
1QHkYCPdT3FjFZMvbxTyPCPFaXa4RhJcLo,0,194,192060
19Giqfa6pG2492Ph2F1D6AyWvAt66zSXGv,0,174,194202
1GHVNnysiqVQPNMpjyFv6mNjNA8UjzXki5,0,138,193223
14fDdsXj5ssJXEuBCbhyuBbcojjG4Rdgm6,0,135,191984
16LspDcuuAk3rZL5rf5Rtmcm75fYMGaeo4,0,125,193230
1FtZtW7tzx6Nw3oB2BzJUF36kEunRJrFyJ,0,94,183140
1Kn1yP3deXNeQMtdefRYS9kHutGv7rZHve,0,92,193616
1LCEYYrCrUKMYESBXxtLBegRKVCmTYhvLD,0,90,175261
1FUB2T58csgUco8CqbaMLq4FCeWN4y7VMV,0,83,194202
1L5N7fsLQ5krTcFufypECazX1UG5HwEWNE,0,82,189354
136nEHjce3ywJtMyeQVR5sj8udYrpxa8RG,0,77,192932
1DzJrqNbV1Wn4RpEaS8uvqBoNCdYVLNvUo,0,76,184061
1Hu45YTbA2rVj8eAMpTg39HF3pUynXrVXP,0,75,190596
1GrJvr33fE98BQsjpTDPridQESdXeDVsN,0,75,185378
1LQC7xPTG54DsGozHr19x1ouo4CVPsSVHr,0,74,193223
1AoFw8SMPj1o5nqBb6dF5FqyUk97p9WUSZ,0,65,186704
1FUaTPahUCvpCeoLvxBrmtxnq53squNFHF,0,58,193871
17pzjnhobVmFpTmtEowXfKu8yGPhQhSFuZ,0,56,192660
18rxh6mo5fBunCDfr4V6YcNs1zoGddNL1S,0,53,193616
162YiXaMiUnNNzNWNeHa4GuPWPX6UaZtmh,0,52,195513
1Db6tLbeCHq4Lz8M8gLs9f2w7Jp1159BE2,0,51,195176
1LMcCvXwEW4wsrXGnkRuGLA9k82dxX2PYC,0,48,169106
1PBmpRgQDJQ7cHaQ6WJ1XBSJovvLiPqfmb,0,47,193871
17oX8EHGnkmJ9WhFpmd47Uf42dosDkgHmq,0,46,190406
1BRgFa7ho3kNKTURjQvDdMq98nVcL3iUJv,0,43,193066
1Bkk6QCL5PebNv5n4fog5E9JkkEKQeQjc1,0,40,194202
12wjKtFuXDbS2TLXb3Yh8ph1CPvLzhwCqB,0,40,182007
1P8KGQ7Doj5wZ1HPuk132s3Db59shb86iq,0,37,191812
1BnacjKaM3x9vMBgkUe77phwj6heXvjGT6,0,37,191682
14xdL9QTqqb1hqYaxTCGJpA42FPxeaRD1Q,0,35,193111
1DAj8ueLvb2NcZMHr4HBVjfCRy7pzq9pUT,0,33,182105
1Kacgy6D6hAP4NZgTGhpd1EcctfkRcs26Q,0,31,189500
17b3rxHrX1LDuKJqCVViK5ts5VJYQgqsMk,0,30,192159
1RyHc22Ma7UZDjjG1pdQREhA4bbAZPHZG,0,27,189342
1LtZFrpEq8EaCehaQsjzeF7fNWjXxoVAHh,0,26,192655
1K8o3YMEvihPjeHGVRHPEXSUYSwacgiSbJ,0,26,191865
1LkkxPDNAvnFxc3RSnq4Xk27cTPBcJqBrm,0,26,190402
1CEgpLeF1vewzGk1q8WwWxGpswZBruoEAc,0,23,191826
19P7y7NSGakFfQhgo3NmGAQXMzckEpwVuG,0,23,181330
17e32H7dj75YRdFfUq9GtKAfNsfTvz4Arx,0,23,171414
157HWxqBCNPbHpMMWAh5h77cLZPyMkEusi,0,22,189342
16rNoR5QgTBczzYdrRwHm7DxXr7x3tyqm4,0,22,185378
158cfzjwdvnUnt3mu1AeBq3VxvNh45MzS9,0,21,195807
1HDG83XDDDb5D8koLD5y8M8vx3UfnraLY8,0,21,194361
1Dn48ic5DARSpgULbBprGQiEXe9TKuSGXp,0,21,184408
1FeMhVYo5JLK4s59WBH84eHpr6HxaAnhCe,0,20,189950
1A9j7XVZ3S1NEBJJKP49ndUndTcD5rY1YD,0,19,168459
1NgFiquBfMEWTLwUNxXZPBYrDGPZqic5oY,0,19,147673
1a6PDUUk3iEqno6ZAujekZ4FFdfipc85u,0,17,189970
1N4rJE9unn2QX251pSGADCKv2B4DM9fVXa,0,15,176925
1H9TLdzy6CTV4QyEzkADzXDf7w8YhuEk6,0,15,175811
12C3Bm3BhXmQdxsDNCcz2g6cq3n2MDnZfr,0,15,166688
1NDonWx5fdLTgc1z8CbpMybdWoUxPwo8k3,0,14,191996
185yZ3yP5GgWCBsKyqoBBtLnE1E2BsVrde,0,14,188437
1X6bQNptGvG8KphC8bMoDx5dTW2uZZvVz,0,14,169787
1NX9zoBrXYTR1N1fajRkVsCsMQfrEFfHAZ,0,14,164256
1LttMGZDVhDXbpzwTnSTVdYezjrJiqLHqU,0,13,191812
1Mkabj8rLiVkYMPAmpjQqz914LnFQD7De6,0,13,175637
1AhEwrqpoaxxY4XGqp9PpHEzYevxbrLyZn,0,12,187543
15hJGerYeCWMv3beMPtMW44ZG17thgE1iB,0,12,152463
1AvL5VZX3toKJgbSeorrBHSS2DDinmGPZK,0,11,192600
19zLDsiPfHXBvm3EDfCeDYvyHq5ekwwRAe,0,11,187229
1LNCjgv88BXLhabeMBcSTwTwzWzMwFhyxQ,0,10,188016
1BXu69AYxxvjYLMwW7jLmRpH4mW9HMoA1,0,10,175637
1PgxmSTp597CttDGkTAZRinPLDNFam2TTe,0,9,187655
1LaVyXsKbyBiS4M6aa7prTBoMTiBYbboRm,0,9,182539
1PoBk6Az5iN5Wpzg289JciXpR2Svg1niGA,0,9,176925
1Pu6AcbJEYG2TSiDkQNHzhBA2XDndE6aHq,0,9,173426
16E1RHrDxCpGhCqufENd9S3cV2cL9F21Jh,0,8,193872
1AG5DvH5Y5YwDsju3a75WnvZzrARnCsupj,0,8,189342
1HYD2vYdZrCSgDCZymDJkvQ4o9wje5teZr,0,8,174315
12TwcFpxSwTVM17Y48ct2AeSJaEtfLdsrm,0,7,182291
1JpK9uJDYWeDdiGo6S27MvAnn6m61tZQfg,0,7,174020
182vQpr5M8ZUL94EPXdP3ybNcB7gX3B5VS,0,7,172483
1Fn3ePn7kFk4haCAsV6Dayu3tYp8F35hRy,0,7,170564
1K7RNYdu91TSS6VrPiNH2rzrVzx2yhZSdP,0,7,169938
1HXMbRcuTHgcXvU8ZQcgyDPV8gPsvDzYEx,0,7,169382
1HqkQWwsHFVsMYQ9e4Sd1B4vbbU6yDgx3Z,0,7,168898
1Gf2zqtVpsrBLAswScQv364r9ZELuLBbu7,0,6,192765
1EXVV2ax2ZYdsdm2U6WmzHX1xgTXfWUPXj,0,6,191982
15jWxFvRmnN4vPvEFGAczFrst9mrB8UuZh,0,6,189450
1EJTgsLjviVuQiRN7jXefNgtSFwuovqf4z,0,6,189371
1BDdE8v2M3Z9qMT7rR87ji4SEBLKETSUdy,0,6,189342
1CS7cDFMtTPMkJpETis98J9VLV73bkT43F,0,6,188053
1ENQ1dZF9Hk8u275CADoHijve9bT5Zda5g,0,6,185590
1C16kReVCC3e7G18V86WdZWDX5HJHfNKz1,0,6,181472
159DNfmuXor3p7ZgQU4sq8VbjLvHEYhWGU,0,6,162832
14jSNb8Y4oy1ZJ3FKJqQgK7Nu3PaL2uEM3,0,5,191865
135Xxm1AkiYs78ndxcAWQTQRjAQMcedDmC,0,5,180106
15gLhDko6GRrmJ3jrZz5pDRqLBLDjLR7hJ,0,5,175781
15GjcK2Sz41LXwTjYvmynjNN32BPUF3wpG,0,5,169245
17hCNseKYGY5dDr5J914bPCmakN7nU37WV,0,5,167685
15RBYUhPQRKuCEZqg4UHHrPEGmq9Bnn5kP,0,4,195176
1NynuTiAfpTmr4CtaSniXuNZQJMwuKzNAL,0,4,187074
