"#Wallet CoinMkt.com (00043cdd15387387), page 1 from 26, addresses 1-100. Updated to block 724491 (2022-02-22 19:00:36 UTC). Source: WalletExplorer.com"
address,balance,incoming txs,last used in block
18mLa2isvvvPnmVqnWMfM2ccDtqChhav4u,0,120,304004
1QKFBECqvSX7jFtkxYkU92uAgWq8Vter8a,0,109,496779
16u4YwEdLstgjLQsFAUp4xS5yGEat3MdaG,0,84,496779
1BQJbaMS2y7NyGL9u2z879tUNbPbV8qB6b,0,65,496779
1ATnu1UeznrNUaqcpB8jz3ZX6NjkeHqJuR,0,60,372688
1D78djYQc77ByDd3yn9SZinJwgQo6BW2vE,0,55,342741
16hvkTBsyx91ETVgq8BNpiBfw69khVYCo8,0,54,325503
1M8ZdSeCqpFQHQCwUuR7JioX4HKaVTCYae,0,42,304013
15NGb2Nt9MqGRCekq1HSUFXrp3jKo7iSKb,0,40,496779
1Detf812QAV7r2Y29YZA1nA7yvCvSh1dRu,0,40,288510
1EzfWKb1idhZ2D9HjianANEPeenhZEnjHu,0,39,314555
1HPzUe18S1vY28Y8f3BCXftUJHaUHGaryA,0,36,304461
1AmYkAHCrBh24myfd7NGojHLxVVwRBwkwt,0,31,352795
1NvBZGsZMZ5dn8hh3Qjdniqpq3kw2B9gKj,0,29,312776
18Mpst71PCojQF8Mf3KHCLfMyZ4Lfkti6j,0,29,279664
1Q4cG8Jub7yG7r2a7kv8TAPnhRZzcLTgg6,0,27,296996
1t9F4SwGScX9T2WK4wY83CA7FbUFXiSYb,0,27,294701
17p915DM19boU1xgcMktyFggKxpk9ZUPpM,0,24,342218
1LTuB8cY2tQacYTDHmeaj5Ae5GL4bsUTkY,0,21,338219
1M6xhubFvkAMGzusUpPJkoyUPTyzkrb5XU,0,21,287003
1778Efgd7QGJkJ9AHc1LY1XuJwbiQcrU91,0,19,343824
12QkKGVNwLkJfCjcXCpjhQ57eYC8xJEeht,0,19,314729
13kb3LqcJnq7oVpSLRcTRNm9zbiAUuekcj,0,19,289401
138qkUGJfLSBGC1J8512rE66iA8XDDfvyV,0,19,285015
1AtYDt1aHSeNk5zbpL5A5FA3gheBw2xsQi,0,18,496779
12QjUEDTnDzjkRKrxF9x4QmZWiAFgELWQj,0,18,302548
18qZr3HN6rt7QamqHyY5PeY4W571fcHnP9,0,18,295713
156En9YsVf19QXz4ciDemRxA46vXMMca5w,0,18,291284
179g8ZYWgExmUiKfJPaNaTpt7g2XnnMiYD,0,18,285185
1NQRdf9pBnE64poPcEQjNRks3JrkcQzpW4,0,17,325941
16bM9eLcNs8tcwsRmscDuknzcu54WE5vU6,0,17,316274
1389Sm2LwsuyxGvcnoysiK7GrEgLkzrS4s,0,16,287360
12GSL5bZ8KgHQh4WKaAK11K9GTs1bncHt9,0,15,316274
1BMmaphhwXxFVpeKuPFoBqTQEbD5X8P6bD,0,15,308768
16xhhSUtqSNEPdU4daDCiB3Ducet1en7Rd,0,15,284256
1Ka9xnCeS3WFomkwGbVN4P5EFGqDg2MuYA,0,15,270373
159SLHgT1b8jSTir5uRY1RvqDd47Bni2Z5,0,14,313347
19kmgd3pVH2hVoCKBN8XkwNk852Wbog4sG,0,14,285015
14VvSqijjZ7ZmfevXwMeC4fz81mxpxbW1X,0,13,387409
13Zb7xrYWhJz5ayVVH4c3SkxCRPk5dYxZv,0,13,303570
17NCxie5fywYK83NYDeBHDjhP2HkkicNxx,0,13,299567
1pmDnvSS1yPam9HfSAJA6tVrArafi7ZyK,0,13,298461
1NTEzohSMYUmjRagM51q6aqtvwTJBdPEqe,0,13,290609
1M9cEuTiT4geKtgyDdfyVShCX8LNXLbD3n,0,13,286957
12HwEAzQH83WMuXTD4pN68cR87p2gbXbrj,0,13,270389
1HZa8J1TW6vLqAtNrVd6RCvzEhx2nX1PtZ,0,12,315456
1FTgBs395cDqmyHS48dTmsf3KkRuAfYqNX,0,11,311863
1ML8J2PBTfjxcodXCwi9rZEbxSzfwa2vCr,0,11,301780
17yhED7Y33yVyN5bYse2FXgMmFaWF21xdr,0,11,300592
1H3AriPYhjjRCBEB3KiTx3RGazoC2SM8jD,0,11,292278
16JSEaYTQ8JmnPeKtp2DNMiE9FmeFYhQyn,0,11,289373
12nYUdKC7CRsc5RMdf7NFhvK97nakPyuUW,0,10,329962
1B9cFrVFvFGZrLvjB8em9Fttfizr9zSr6A,0,10,273844
1CHRAtqWhg1qNRt6fkKN7BqborbCfXdcGu,0,9,496779
1L4mxksduMq9SQbmjpvEC5zZgFjpniuGRK,0,9,340740
1FGz5T6TbHBN5PSGTsCff79VCQW1HYuyDQ,0,9,295829
1JF9X6NN7rYV27KTLNHR3Fv5B5TQ9cyirw,0,9,288347
1M5Mi4AWbeC5YuigUHM4BeYRNrknyqJR8j,0,9,282948
1LvLatsk5q4uY64QErN53wnB8gNRTuRYA5,0,9,273719
1A8g1Y1PjNnHXGvMdFmJftEMxGKnqgGLCd,0,8,309608
1FdjZNwZwNaXa2WLXumE782He5Xi1RyVK4,0,8,308754
1EQ5boYHk8LJeK2TMb61p8j5DTWp1YLETP,0,8,304566
15CFtqomnufYFW3EbWFbijZKRaSf7yst7t,0,8,285714
1EyzfhJNJKNPtJv5G1TgaGJvty5R1Gxqu6,0,7,496779
1FYxJYKWpJr6NtbbC3jmko1TXxZujrqGuK,0,7,330939
16VweTZef1FiF8ofx6AbsKUzT1tyhc3chF,0,7,322244
14dSPc3n72ws8snMzqZs7bPhXJhqmtB5kh,0,7,321451
1Njb1z2E36f2ZJNmbPrYpdHvAad6vojWCW,0,7,317166
1FihaUBG2HuXNh1mwto87RQ2pkQk5eN1G1,0,7,311113
13SJofsfjEkmju2amedxFh92Pk3jpaQJmg,0,7,292785
14rRmjARmTFUvG8gycqCWBuZBaWxtBoNgw,0,7,291284
1BVHQhMTmPkbQVqhX7SJZJE5uT4yGESUU3,0,7,291054
1K39RKScjg6ztLBTUL1cpvLHEQaTFkeBnb,0,7,289195
1PAaY7jERhWkSmDAb5b75hFbUmMQGQsAD5,0,7,284251
1JhXbHFfxQ5URtu34bedAwA6YJbWRpWUin,0,7,272204
1Ptu9frU1fFhtfpouH9rcsUxFj8eRNb98P,0,7,271349
1PY3dJjxudoCTgUycgKuU6agLJakZ1LyY1,0,7,270454
19DCddSrUhAceboYyJUpr2ZpSujdUttXMT,0,7,262434
1GVgZqSRevvLAUnuB7Nq2B7ZHgA63cm1S5,0,6,326623
1Ff4EYRC1RjwqC28hzqxwVR1oiWNbbq67p,0,6,309608
16mWxJSqwhYwetaBrqfwkLi1JRvfMENPVj,0,6,308117
12Pcmn9KWsYfL69c1QTvewiR5w4tZXH3bs,0,6,307569
12FiHGE4CF3UyJ2pfTkmY7bkGd1ur2QFYQ,0,6,303991
1NnGRbHCVrZppaDkVmzjomq1UmS7nUfJMM,0,6,302743
17QifbywYcKubddY8fWa9NEfrFDU4Rz534,0,6,302560
1LDp8uoqPnCx884demzTFGgzoaQn1R5h8x,0,6,299567
1NQhHLYUuQ5mKsFoVZN8iZhfdDa4X9UwSd,0,6,297296
1J1Pcp1f8jCTKs4Ms3rebZTRnY5HtpiFnD,0,6,291054
1DRr23bzLdJyHARnQWLegVP8D884o5eZEv,0,6,288602
196TwMijBiqDLsyAjTN4gNHNYZHJSw4UAY,0,6,288070
1CSdmMtbU4YxF1UZRkTmEqzk8ZWv2RtXTW,0,6,279953
13KeyKCXH4Wyp2k1sR49qnppPt8cDqscDn,0,6,274975
1LsG5u3mhGWxeDaeEnhyoHLmFSik47hskC,0,6,273896
14o74ph98EUPJaXGWb1q7YfqA57QfXXkQ2,0,6,270192
14nm7zaqn77qddM2GWiXrzaoMg3kcx6fm4,0,6,268684
14Ue8DGu1J1ag9HeHvg29JCDhcP5QoYBB8,0,6,268087
1dHgWXUU5t8kDWQXn9aUUQ5omc5jUxpr1,0,6,265648
1D91rugRvffaokZMYmNGdQm3NQBdBExYPS,0,6,262780
13aj8JYk5bSjMvdcsiKaRKNHDsTXbb4pTs,0,5,394578
1LtSrHARVvULddRVNS1ZCwmHedzRuDATFF,0,5,340437
