"#Wallet Coinroll.com (0002f2f267f5478d), page 1 from 224, addresses 1-100. Updated to block 724491 (2022-02-22 19:00:36 UTC). Source: WalletExplorer.com"
address,balance,incoming txs,last used in block
1BKSARZdi7vyBvTv4LRW9QGe3cvfuCBjsz,0.47596405074,84,480621
1G2KgwKuZ8Zn25xyY666YUCR7ditzUSyWB,0.36499999836087,3,478431
1K3oRwKoPi3jZika7PduzjxU9ubnVhX1PM,0.02501805126667,53,479765
1KfvjwiagqFcKhbsqTaqaAjiaJFndUXVar,0.024300001561642,2,479904
16HAjjcZWBjmygzvVWai3QfLYeDWrzgzcP,0.019999999552965,3,480396
152sH9J6umAA7JQrC9bGJ4MmK4q4Xehjbe,0.014252498745918,6,480396
15Loacft3rsBFo4gEB4uVZrDpYCTyPuaec,0.010000001639128,2,480396
16n81rWmAa9uY6yV8yCuUzS5YTsijSNKk7,0.010000001639128,2,479904
18XwRaW9YyS7DFjPE29sHZ5auaUQFcXQYC,0,1032,372188
1GzodRP9TNpTWiNbHfnrHGd5tnKgCc9eji,0,739,259908
1JASd7Hj1RFSoSm54ZFAoLhQi3GZUuZR5q,0,724,259364
1MXDoSEURxExynZh74a2xG3FWg7tjLJJuX,0,659,396343
16nj8A6kKon7MVR4uZg2kVyeYfSc1kx8Xm,0,633,397740
1DU8LnBgnLcznUKAGe4h7vD8zMp5U7yV89,0,435,355965
1AySxofcvAHcJiijgGVeKXLhwZ4A9M58qH,0,400,289679
1B7pT26oRuyHcUkMdKMqEK2aFXakJ6cr5k,0,380,285315
1MgZwyP1CXVkRzSaKpuNfnDquhDyZYz11e,0,355,369140
1N82rdCKEnJwm7omJKjjv4tPkGcJ64janm,0,332,354266
15QnfZcJn6JkajQSejfPpJe7fiBR82dH4v,0,310,337427
1KqAGhabE1wo44ExpzSh1ZSA7dRXSTYbzt,0,303,300670
1KTzr1c5otLSoQzzwiy1KRXLVyZ99GdKVM,0,302,377508
15So4UFCeHGpFhA65nzm4BoNNDKHxrHqhu,0,277,282962
1Yh4EhCQX87PwXcth3XvoseK3EEorXaDa,0,262,281697
172wgBzJP94DEkWg1qLfJs3ha3jQuw32Hr,0,248,270378
1PetJzG2fnNMa4gQSvzubxUEtr7wyDPbyX,0,235,268476
17xNE38FirFWPJv86VsYKqtQX3mBcFtv6F,0,233,244232
1HXhErSU5EKSTrxDw1GsayxuhEL9qMqBmt,0,227,433708
1LfWLwvVCWHPufPwLhfwNbsoiXBnPUaqER,0,200,253645
1JK2sJhR4T8dLdhjGdUXLXnXc4NfugcCDF,0,197,270410
1CoayD5oBzjXY6jxkK74cuJrFbniNYX7Tz,0,194,276862
1A8CX6bswV1GT1yUzPVTzfNWNmAAJw6fiv,0,192,324469
19fx7wxTQrwd4HuE6DwA5ivDkUd4nWqmaT,0,191,320984
17rDm3eaDyeEAHd64w2rsNwSdjASnB3aXi,0,179,347409
15nJEAN3WrmrRgjYk2Sh4ub7iRC9bQmNEJ,0,167,303094
1CMwsPYsMsPPfddqghpi7KHbro5gpn8yUN,0,163,307551
1M82xzDTn41wnXxrFxf2Qyt83zjHMdTNfZ,0,144,421574
1NQsMS8etfiLjgmUVdrv2Xda7WemmsF2RV,0,143,350323
1KnUBNB4BeNasatK1TZSSLZ9N1PANFFjVQ,0,138,388153
1BU8L6ceWEbSGtnqbeogPA9jHmbWpdRwai,0,134,316900
1NAAbDK2UEay7RyYHPx4ccW3ZKff9o5vMY,0,120,272473
1PDfwfdU9w6jLWoMJjV1hJjvVJNVzPLm3K,0,120,267330
17crMKGbhCGbJhBGGeouKAxSgXiocvs1im,0,118,383846
19atDVVryiJ9yk246rQdRXCvXw7vDAy4uD,0,116,343900
1PMYcnFiKEnUZvcNJyKQ56Mzwig9PFbo2z,0,115,470458
1PndvME4bcuhfPzZXXJV2dFiXiFxAFdmfo,0,115,262008
1M5D6dKoqWJuaTDyzwPbeMZDfJTSKvi6SE,0,109,381551
15rG3wnfaWG5zVMmvULzWAJFw2dxkRuxZy,0,103,337007
1NLo8eekXmgzzhJu8uQqzGpdXq9U9WS23N,0,100,278614
1KS9X4WEA71HCEGitEsXWFZoJMB9VQhFKK,0,93,470307
1MyH2V79UnPvteiy3s1u4FtoYVMhE2bs3w,0,91,330874
166Be9R5BAk8N2cUx2vafEReFNHY5gxMdd,0,87,337427
189CTcpNMiqM7KW23samGJEDndjLgNUHxV,0,86,337427
125kmbissYPSNyefgft3nKYX5ghZuMR2vr,0,86,260279
1Mnwog1pMdZuJxH2nEFVo4NiPfR7iARPNU,0,84,441627
163x86EheSqmfmmzSMu8DwXUavCekgsc1h,0,84,337453
149MWoNMiSVJ3vutVAeGQsH1XTM5ym7hp2,0,83,253513
16vxXdNECMPXGEqGjjQ54fhnKng6W66ZJZ,0,80,267104
1GsNXAsA71FbG9Tqe3HieqBzmjN9twz5fL,0,79,264018
1A2tDpqvufkrac2jWirPi95Q6ZSVwu79bL,0,77,445817
1NENVK5R1tQTzxbsWiEQ1Ld9NkuKay8kn2,0,77,284866
17XBRwNRWLXyih8BZNv1Vs668YAyGHuocM,0,76,369498
1NvFDGu7YUqdfR13LTNsKVEZEURP2TM6AY,0,74,287441
1KryJ7QQvwR8orPoqGRtFz1C7hJFZ6oUsN,0,73,435233
1ApNBg7R6eRTSM8oLYBUWLhwA25AP4kdAN,0,73,265746
12wp5Jwo3Zkhotbi73FmM4GU3B1QeEjj49,0,71,264270
1GXW2wJFT1Jk6Rh9kx1CqqDRdAupRM31SD,0,70,425193
17UCu3nEZRV7pr8TkX41Tgzi3Sur4zSYpJ,0,70,299842
1BGZFB4zUwA3vDFgGsvdwQ4xHdLQC9FqoY,0,70,276137
1DTseN5NFp1EwTAyTLs5aVe78y4YMEKcj6,0,69,275914
1Behtp4EitAoVCqEoxfDXFCHypKAcX3KaU,0,69,245850
1PpYaqsa62DsRc6xWdtfuXhsBq1SGmXTGs,0,68,323300
1DKWN2cDLr2zhi1SdyLEWEuhtxE9kzCqX8,0,68,246679
1C8B5gYgyNPJpfQAr4WRySQfxdRwR3s7dR,0,67,438210
15YGQi2dp3D4jMd2CAAWCFXhed5tEPapsh,0,67,436106
16CNN9KnWe1NpQSYY6qZUu42tK1SE14vnP,0,67,370512
19yoQFEErzcMBq5sfC18MpKumCfyt6wKPe,0,67,274668
18gqNhd4SfH5cEJRLjySLcjZC4hCsYVttE,0,66,359343
1Nv53Bp5jUuypJZsDcAhTcg63pbQm7h2xL,0,66,285663
1Hmz5yee2ZfgwRbxcjKDA1DzVrsJ1VaojC,0,66,258495
1CHabSiWjDzF28VvAvoFz29Q49cXjq4Vtg,0,65,337426
185ExyQWZ7FxaoBCEjzfcpn6boF94JNKst,0,64,283985
1LxuR7jcF4Z4oig9GaCaL4zMqtxGHP2gvE,0,63,270422
1Lue7Mi2Zp4aPbuBGU2uJNm6sVHCA8tz6g,0,63,255159
1KiJAWXXZ5Eq18WtYycSrz2zfoF2efZ1sc,0,63,249138
1974UXqRA8FCkbUp3NCgu52oG8BSCDgCap,0,62,339280
1LVDHa9Paryydohr9UZg7YzpftRDDCKwaz,0,62,274230
1HCNFrTdqQNXRRn1vVi2v79LeKg1HudDnJ,0,62,256949
1KZNPqPe5AGokxq1zCjbWvMUcYMax1aoP,0,61,441099
168xfRgqE6QKgfQopgSGwFRRtxBrtFN7Xg,0,61,275514
1P1smXFbRZV5oriWArbxSHxhFK8E8AuBkV,0,60,269295
1UzjruY6ePD6SaJ1uFEguzJwkUVEnRJqk,0,59,270630
1A5jX9t6YqJdZsfUzA7WHEKJcT7YhNCzGh,0,57,337427
14proDFgqHaXq1TCKT3mW4XgRmdDsSRVrr,0,57,309053
1MR4zFDbege7TRBsKYiYNVdXqjtCcAC1fc,0,57,265537
19gKqKM7i9fMbW3GRzPs7UHBfHin77F7Lh,0,56,240091
1HoPr4p5GmYPuPghdvAftC4DcZSkKrLT2v,0,55,308907
185yzPtTxgpFbT3WwdicghL27ugWjb4yix,0,55,286650
1C3x5jKqfESHrkk5cvSpxYg3BWKLhK4ctp,0,55,258919
19G4krUuTMxsWZJc65nmYPnTBJVK3whzEd,0,53,368309
19eN7oDczS2mFTyrhWPCZb13C8VrbjnnFj,0,53,360297
