"#Wallet Coin.mx (0001e13fcfe64c97), page 1 from 63, addresses 1-100. Updated to block 724491 (2022-02-22 19:00:36 UTC). Source: WalletExplorer.com"
address,balance,incoming txs,last used in block
15KSH7hL7dG7CNNGFChYzph4czXNjyq829,0.46374474838376,126,400523
1CirvQMZDeJta4iJWxCWKN1o2gjwyq1oTN,0.37810977175832,9,385293
1KepYV3rrihseUB92ei11PRLMWFr2cTJMC,0.26949999853969,7,369299
1GnKPf4mhnT8ihKJGaA2dLRvAn5bNikdoF,0.21299999952316,20,368299
1BrFvCcZsuw5Sp7UJFoPeRWEQhukgzzePr,0.025156550109386,23,387211
1Hke1tdZ3VQCTYbs9oggcwSXWNkNgATVuM,0.021813709288836,253,397104
1JCK4b6o1ymU73S1NaP1zEqAg5874aT1Z4,0.021185610443354,322,393470
1N7mimodaZD4nP9RVS9QYM2gUS4XN6D19e,0.016100000590086,3,379368
15YkuY6va68rM4rrBgP6EZuqbdap1rPC9i,0.015883710235357,45,404256
1H37nZxWpqXfrbC47SWJYfFCb3gbSntQ2k,0.0040378086268902,488,399484
1NyDcsaXjYvp2PQCBxTAw8bqt2KqzX9eSR,0.0035895183682442,16,397696
1HU9BoRVLGUNZ45gxicBFfEvg5TzXR6nS,0.0017952285706997,24,375563
1AFRJ77zrhFN8ZMkEwMJjxdduVmeuHyUFt,0.0017122589051723,43,529042
18xsrE5AymZ8oNk1P7jhujoDBbwowpgVXv,0.0015830881893635,8,392386
1LmuXpoDvadkbnvfM4bmcgp8nxBZZ38FcM,0.0013807602226734,350,374871
17bCVE8XfVudxDq7t2ruwUqhvideqRJ3fi,0.00058965012431145,12,368200
1McFXwCLAYVPYRnUzQP9ThpmAqCtHEXApH,0.00058282911777496,10,366544
1CKEn3Aa3BqbjFkgHJkW1K3VFzxyMZxapq,0.00046052038669586,25,399697
1H95JkhPXKFUMz2x73kKARu2yh5nHSp9Zb,0.00038551911711693,2,531057
1EPEGdfJrFs1jRguq5uc1XQEo7o82M9nw9,0.00022286921739578,47,367499
131XDrrUwHfyFr2yoD3HbxfBBc6XmLnrkX,0.00017692893743515,10,372233
16XjpbJ8p2QLGqx2HVTg1bLEs9u2Qhcg2G,0.00016535818576813,123,395771
199LKhkazGUmZ5MP7cevgCzmeNyhfJyHEW,0.00011707842350006,23,381571
19ycUksohFmub4w6tknmzMgbRvdaky32Yv,9.6820294857025E-5,4,367940
15P5egQ9oNN5sx2pm8VdKtP9Quopw3yjtM,6.1128288507462E-5,20,373307
1BpF9YphdzDiEHQUNwKEkn7D7AQx2SoA3Y,5.728006362915E-5,22,372234
178gNba4HwZwvpwgpWeNqXswxg5qazcDQY,5.5000185966492E-5,15,394399
1KnJsjfeKNcoLBL35WjvQffg5P81jYgeT3,0,645,347173
1JzfZkbr9Z6ynyMw2ZcKRZTs1AGT9r9akF,0,368,365478
12MJbmphBsLsYK3sYm6LHua4fFWi1AX1QE,0,339,363247
1HANJ9KMbN3QH4LC2QW7QL5mibZefFzUPa,0,265,358287
13yuzeKSpNGVo72BNBr36aeyz87GnSo7Q6,0,262,353197
13EHs2oToKh9q3oRUvr5qCB2R9mn39pqsc,0,230,366253
1GYyv1BNJvcgCRm2EtQm73tEAScmiL3sKb,0,218,361331
1GNH5MVBQcY2bg7b8dLQc4tPhXJDUQY1Tf,0,213,364745
1FDEMwm4FL6nTHa2Y7rzn7r5RbM7CPWcK5,0,196,367499
14CXaZJufDHSqjvKuJXdoTDe84s1DQHW1A,0,180,359790
14RBjT7LCWtaCKA8o2ynxxY52Xzy3ArD4j,0,171,365735
1JQbT4Ex9cPuqsLjvFgPES9TBX8rhNmPhq,0,170,326058
1EXd4HNqyJwuFu3wBmNTu7MRaPZX4jPjzf,0,164,366219
1KeWnd5qjtEy4a98zhxbwENyduttQ629Dx,0,160,367499
1Bx4ct23HMRQ2JD8oP8sQF8C6D7AeBeghZ,0,159,367499
1PF68Hon8fZpzSChs1sx2TarXGw1cL8abJ,0,148,366309
1N7yjoz39Bdcob8iXfYefDMg82wCY1Zk3S,0,143,367499
1CZa2qaRKKmhB86SdDwhzRwa7pSRpX4AiM,0,139,324379
1NYAZZYwByGhaQwU14Xqewt7gkwfHJWDMJ,0,128,359790
171H6EVY5DRUDspZFZoiaFfnLkXZxG9gCc,0,113,367499
19YWyvpMEn2892R3wC99JKghkqbp6x7aWe,0,111,359794
15JsE2w1dnYbpZ1jWnrv9qVJFzH7UHdYPQ,0,108,347932
18E3nA5UYwjWYeQkJLtbCeAHr818dBRTni,0,107,366240
193vonqxb3WouSibMHTAV3NYAQcpHQWakg,0,101,366231
1Ct3JEf3vDMjYYv8e3eWs4y99DxN99JQfn,0,99,367499
13iCSHXf9jffUK7F9pGXw7dVTXS9GnaV2k,0,91,339226
1DbQB7xvxnozBcrwx3m7njT3UMb6U5zhgX,0,90,355831
19rar6nEPifSJXqaqt2f2njbuCGr8XSANZ,0,85,321279
1KySRKyHFrvnR2GCrpWLobWzomVq9rv2RB,0,83,362786
1KBoK3v8dPUa2Js7Gvz3tZRdbYBTfvUDUD,0,80,359792
1BRQzAeW4JykxVMeSz66ErJ1qzfEunjt1K,0,76,347795
1ZGKwGSnfXKEjNGVhv3Xg5pYPcUtCncDe,0,73,305053
17vy7J3CQKxqRf1pZwgtvk3wtA81Kmex8z,0,72,362528
1AHvhDdsU7u9eWAKrSoXAGVQz6GRyqXAzU,0,70,366278
1EgfKrgM29gKM4LGVrS3cm88VgBT3HhSXV,0,66,351102
1LfnBwtmAinaqLA3g3XJHrvDKUrNSzNWAs,0,66,344102
1E3cX8SDQKuV6pfzBoXZWpfFcTXGMeTuN2,0,64,366038
1E5PjsstmG8WsGA7k9fSb7dxLYKXLaJNMo,0,63,364447
18exhA8AszDGE7idQLheHvLjvnrnTEnHBu,0,60,328563
1EUJCG4AFDH5Z2TZ9cpQpw8h2D1zCs7Tyx,0,58,351900
198aggb8XgPU9q6EL98QtnXSDNYaRdQFWg,0,55,324379
1tjj1gzBNFk8iKG9gYE6NXMj2ouc5usPm,0,53,346554
1PdxMYp1v9pzEMV31KEAWNpLJg4Pi33XUY,0,53,321953
14sfAuSfEnTtrF8kmzxwkXCzfZKX3K8ehF,0,52,359794
1LCbbHMGt9mSGa8H87io9pvMgr3siKtFeB,0,52,356285
17JEktcaf3gcTQ5nyDQU1A6svKJb6yzapK,0,49,342985
18KcQD6W6HSQpxkzdrxLASGo3fN9yMKCdE,0,46,362030
1Pr6WXgNgxA97ikgWa5zhULFM9rjRLXykJ,0,45,361922
1DrWFD46eUZH6HF24fMAKFygwvteXekq5W,0,43,361933
17TfdyJMYervDmqbApwkkSDFRgvVfBwp2z,0,36,366235
1P2Dm4onh6jCeL2Lha5mvX6hD5PBtQZqnH,0,36,366213
1D8Bn5ikynVCaYqcJv9Dy5Rv51CvWYvXsb,0,36,365887
12qWnvNnwB2XDitw28bdRq6QfurP3SQuVm,0,35,361060
1K8E9i5DGokwmWjWrRWitJvb1P9YTvhN5N,0,35,345622
1835f16ivZaXD3Dg5kR8XrDGUqR9nTV3yR,0,35,339239
1K1yU8G9pLS9aczSEeWLKpyBDA1xL1y5Gx,0,34,309337
1BXCiw67aXBUcxdckW7nxesZAWyjoRHtKU,0,30,367499
1A1Je2CgSWoJpeiAiSb695qNdnnqahcGri,0,30,363090
1A76eJBPju7aRFvQXor3cMZfX8AQL8CCwV,0,29,364571
1AGQgiGhYW8As3M8hYYJE5Jr7WkTpweyHL,0,29,349001
1NrPqJfTSiWYm18vWf4DnSUs8mYbk21UCq,0,28,299275
1AiuTDLM22jMmpH3mpQ6eF1jfiZsjJvLeq,0,27,342099
1D7tWzggDRvanRk26GCeEWsMtcLzEokj8N,0,26,365950
1Hjr42V8CSfjAZKsHLF15MvRdF18qviyu,0,26,365529
1JHQS2oCZ67nKiBjoiVR5z3hsRLiznj7x1,0,26,359797
1NrfsReApNHWvgTcMRjH3iJvNhYmcV6Stn,0,26,352566
16GdxdJi4N75gCZooA5f8qCCEs68DZUhRb,0,26,348899
1NpuR5cnsThP2CCeNxuxL9Jtpm5ykncDBr,0,25,366079
183ccYKLgsqvtQY134CTqmRTD2pWNNuXJA,0,25,362696
1QBYf4GmdQua8bJFhCDX4GXPSePAwNTagy,0,25,353152
1Gd87bV1VEr3SDKcPzdjNnqM4b6yQWCPLm,0,24,362982
192TmEdojNrxbBzGaDpymh81DL9zVCmRNQ,0,24,361219
14n5zLe72WHDuWdaw1AQnJtDMxZLDod4rc,0,24,341639
