"#Wallet CryptoLocker (002cf45672545e40), page 1 from 10, addresses 1-100. Updated to block 724491 (2022-02-22 19:00:36 UTC). Source: WalletExplorer.com"
address,balance,incoming txs,last used in block
18iEz617DoDp8CNQUyyrjCcC7XCGDf5SVb,0.00010000169277191,25,314071
12P776pWtePmBcNopLXGHWzAw76ZiyfuCL,1.862645149231E-8,3,475141
1N54ReKQ6YDd3DGtzx85FXhpZbhuJJsaq1,1.862645149231E-8,3,475109
1DAGDbgeztgX7r69xhY9mBCxMAH69xe3La,1.862645149231E-8,3,475104
1zLb2XtUN9GRMpfNej2nLXqPKiuou31my,1.862645149231E-8,3,475099
1uANC2HuUHcW6KfXt8HFWW9Z1YfBk8iNZ,1.862645149231E-8,3,475059
1GKxaY4P5fbjhsWHPsXAymNBaPsAsXxFWw,1.862645149231E-8,3,461183
13URSVmyFmyAyM7Nxc8kkk6LnoGUbg7Qko,1.862645149231E-8,3,460131
1L8ar8xZrwDTmkg5ELfjsLVPDVoyNUFU8R,1.862645149231E-8,3,460002
1HKf5wtD3NwM58FHN5tYs3wpeDaKkwEDHf,1.1175870895386E-8,3,475120
1F4jusdvi93HySPpiU5vyBWDGfYx2W9ycw,1.1175870895386E-8,2,475120
1Fkox6deTdK6rWSnn8uqmoMSavCkYwDkoT,1.1175870895386E-8,2,475120
1Jqxj4xGX4T17fvSAzeoJygv8xUbeFJgRq,1.1175870895386E-8,2,475120
199RyuHseKcKPP3dYyyMpwc74mwnkfV1eN,1.1175870895386E-8,2,475109
14eo6VJXxzDMarQguLYAeJKRUbzVW1xbh8,1.1175870895386E-8,2,460002
19kb1EkW1ZQuxahuRBw19c5NNXDYpVJ2Lz,1.1175870895386E-8,2,362085
1Dgn7j9yU3mcxLQcAywneNbiZGieX3JUx8,1.1175870895386E-8,2,309740
1MGWmqH5V8xYChCEpwBQvaQTdNqyBBbBPi,1.1175870895386E-8,2,309657
1KP72fBmh3XBRfuJDMn53APaqM6iMRspCh,0,29,270443
128osATiSntnrYFfkqFLQFB9MhfQLPm2rF,0,6,285475
1BFguNQ3CWURg8TTqkiowF9dWbh4dgcqo4,0,6,261437
1FKQJEkHfjoMF8qoHAo61JY5xJBJ6ii3i3,0,5,285475
1YCFHrNFUPzGfMCUQcHjbJ8QsmVBFwGNW,0,4,285475
16jMEqCjJn91ckzbw7MpKmc2ivG5PguYTB,0,4,263873
14iWgRdcfAS23LWwAQmTVARoNLi1j3Q9Vv,0,3,285475
1K161NcB1ABYfK4dHUQ3TfLSJfzwbxr7Vd,0,3,285475
1fXzCsoxHmR4ukpVy5qz1444gxwT4PRxH,0,3,285472
1Py5KAuBZsSjnDSLf8re1Pm4563pn6zB5A,0,3,276432
16mFFPSb6376tFtcwR7CVnaYRsgPowZwxS,0,3,273355
15QThPdHns569YB8zktusphq36M8ptHFcC,0,3,268210
19bG2WrYwpx7WjJ9o6PcKKdRUsqPXiktqA,0,3,268210
16TnAjDN8Wed9QsoBBNe5VuWaWqWEjpm8Z,0,2,285475
13JUa7K1KDZ38kSemqRT6E8FMbZB7dctAE,0,2,285472
14Q4jSxZUFVxQbASEbJvVKaa1e31copxaE,0,2,285472
19ADVuoShZmUnbRcqRgGqdUBdPkFVEumAB,0,2,285472
19e74masnrSRh4PcbWKsHbdi8RKEZ9dmEN,0,2,285472
1MZCuGf64nLbHYvwbhtzbeK1sePHv1sheP,0,2,285472
12cRDsggZoNMFPcAQZpEDNZ4hAUXktziE2,0,2,273355
1CC3peNqZRQCCyBGbWwLJmEDawTs3v348L,0,2,271604
1KFqey6J9NP2vvUCpgEuvk22iFysVqCSPt,0,2,271604
1M7VNbTBsUvApbkGdEsBkGSDShZfik8QM7,0,2,271604
1LnoHdiJVJPJDnTyR4JSAjJuDxBHVX7Qtm,0,2,269701
1GTxj5VvnMDqHvGTdzyxSP2n2cGQBELZ6c,0,2,269607
1GfQ4D2bfQSs6cfLhqLgA1g4js1K6iKrFv,0,2,269607
13xxTRNsAutKoN5YpxDeTDsGSSjfRPxqZ1,0,2,268979
16XfNSRrUuLy198aFX3F13shEoRPzNcKdY,0,2,268979
1LYWiERCo6m7fEykJ4uuHuCtmeokV4haPy,0,2,267280
1MVtFSQGUKc6BXkABLLKgquTK484L5DmFX,0,2,266876
1MoWyT8Perux324bpWDhBdh1eTtvR8gw72,0,2,266876
1Pf7ZDS6hmHNZHHkL9WRmRWoLpqJ1TeVTe,0,2,266876
18SaxWfBP2oLqdZygaNa6eQfHgtKkX3YNo,0,2,263873
12rMyGyZGqHdtB9femC6dbEckkCQca3XP5,0,1,285475
13qFY5a5PtMoboED5LdBU2Fp9M5Dhn4o1F,0,1,285475
143wF8i8u3seNACdxmHEJGswt3QfMD5N4h,0,1,285475
15E9yFSktAwEPai8iWpu4LCyUGXL59cRFK,0,1,285475
16spKTwvaiH16QvLo2Gg3G5WB6VvbJR6B5,0,1,285475
16utkAoRcdx2wJEVsGFRpsBns5AA54Spod,0,1,285475
16yCsTKgLF9ei1zjjNNmgkAcNsWiriaRym,0,1,285475
17AFj78JnAXnPtxAdpRqXwiM8uk3i8ourS,0,1,285475
17T8j6yVduuvqTcKHAb1JDRc7hTaSjwtBA,0,1,285475
17WxpiVVUKoqNZAFrtMhWBQKeM4q2z52rg,0,1,285475
18kiqmUP5Fv74z4J5ABo6oHQQYZZRjCjf8,0,1,285475
18n85vVBBG7Jymx5EcnCBxMxAQQqL4rinY,0,1,285475
193E78DrTJbtzXNy59iBh4h8D12f9CPhND,0,1,285475
19BCuX9RAa2uqfQ77XLauAM2wTgpfUihPd,0,1,285475
19WsNme32JW3ifWzMBPV7mkX3kkkZxqcCY,0,1,285475
19Zdxy8gG74U8VnB64wbXeVqGJcdiYQm8X,0,1,285475
1AiwWRruAVp3HemMur9qrW5A3Q7eP6kbQa,0,1,285475
1Aj4E9WRwgTySBgxRrj5EMvXUc6MdMV9di,0,1,285475
1B5cwRRi2pexowBSW3d4b7Xcnm3CE5AtQo,0,1,285475
1BGXqSRNsu5iRg8uncjVijQ8pr21qhoLms,0,1,285475
1BsvfnCoe3iuEsFAYuhVZ8s66rxJa7ru2n,0,1,285475
1CMzdJECehbhEXRRTXERSFnUKUmBRGogV6,0,1,285475
1CjdXQD5ucy6nEwjDVzdSDepbtZkM74fiW,0,1,285475
1D8co5C6ifwgYRgaD74Skba9CrXf5z79d,0,1,285475
1DhQu6py3Yr3JqvP6JwdcMzzyoxtP4dcrL,0,1,285475
1Dpf4scF9eaDRFLtyP7esCMztF96FmorUP,0,1,285475
1DtAsUbBQP8ZzrkYUjNwZ2zhN9eE4FkrGt,0,1,285475
1EGtv8NFiJC3H1v4pnosoeh72PoThXuehY,0,1,285475
1EjQpJiVHRmPiQQ5nioGpEF9dvoQ8NomWk,0,1,285475
1G2zRVPegfy5HuHLASKCSZKd3CHmAN8uFG,0,1,285475
1H8AMkLg1BLhSAv6VFJFe43keHGkLX7HPn,0,1,285475
1HjmuE6LnNehBAjfuewZeZ6wRmmJfzWbGg,0,1,285475
1Hnvz3SpwZmoLZagPpN25ja4tDbhaxzn7K,0,1,285475
1JWU7NpCp6is2mQDMF3mrtvnqtspU8b1DN,0,1,285475
1JuTrZruWsHMULt1bCmimpKuu7deucwKCW,0,1,285475
1Lh5xjorLgZYtyKFvBPBVBqPjxiVPNYRzR,0,1,285475
1MSLaH4DU6ChbfGHvJH4twBFpMEpygvBkL,0,1,285475
1McNzE3pBqaWVekg8w9HsKq7tCSnfZzGmQ,0,1,285475
1N2y6sUvfEpXbwX9jAhJ6M3JPsnv6YjMk5,0,1,285475
1NBXrLT5VudNdqVZQtyto7Ln4KU8CQnU3H,0,1,285475
1P7NVc2fu4M8EUY4JLPAFxYKMaWWoWe84A,0,1,285475
1PCsiGrRCj8cahdgyjEBC9ioLxKrP8dfLH,0,1,285475
1Q7jevviLBGMa4jG9GCTDqX5w6YDruqPvz,0,1,285475
1SXR2ySM2pQZuG28ikGyQTq8D6srNCWUZ,0,1,285475
1fgJvHDmkFVyta6JqJUs3XZFpBnnYvSgP,0,1,285475
1o3Pqdfv2sEmmMA2Nnk5SAp1zAKavGaew,0,1,285475
1uuFEp5vLJyJYRZAtDWK2ts54h4wRspA7,0,1,285475
12HczDgVKC8YiBN6DxrkToPF7rBTf4szRu,0,1,285472
12MDyRDxP3RTwjEBByov4EhknuTM6rMHSx,0,1,285472
