"#Wallet Crypto-Trade.com (000e87df3870d27c), page 1 from 96, addresses 1-100. Updated to block 724491 (2022-02-22 19:00:36 UTC). Source: WalletExplorer.com"
address,balance,incoming txs,last used in block
1Cj7DkL2zTrwnEPsXZ5hxu4eVgQJ15zfs2,0.28262085840106,4,363263
19AoPkx9jrqYQauKPkzuyhpQiuCWarSd4q,0.09393984079361,150,505371
1F1cT4JjmCgqW5Bb5Q8VJ2v5QZ5EgXvWPJ,0.014667920768261,91,693816
17REh1v1wEt7jHrYiFkbQ3xg3kTshsXEoo,0.0094005614519119,12,354500
1M96RszGSCQFRKtdbKMnoqYWRLVRBUa2Y3,0.0068906284868717,32,341337
17RrUZkDZ3co2krhkP2RrnLdZ7KRfh188u,0.0020174197852612,16,368423
1K2ppCMj5D8hgcrMhYZn8qoDP57Jrweebx,0.0010070018470287,17,446573
1G7QezK9xQQG1CXiguzASgA7HgMStmbDkn,0.00080227851867676,34,341337
1EGRmkUfmBGGB6tq2EBnoeyzbqo8vcxJyv,0.00077860057353973,29,395765
1Bdef6shzbPc3o7PGTZUmFqUZKzi6uCojx,0.00050114095211029,18,349622
1NfTLpmKeNu9RdDiRKyhpUVYGgGjQhNCBg,0.00050000101327896,10,351073
1MkPtgcwGFrWctpAHkEoL6e5iCPBPR5bVe,0.00050000101327896,2,351067
1H9JJzM5YbqHJ1Yp14yLShV7zAk8NXo6VJ,0.00050000101327896,2,351062
17p5UzWfX9oiNkzFuMtK1JBxtNKSxh8eYr,0.00031305104494095,4,340847
1PjNfkEgYncRX2xaGzspcu8XwwrQBBkqiw,0.00028277933597565,19,624305
1CLs2cpMnTmeS4NDsjoxdeb46mkPP617QA,0.00023801997303963,27,362934
1CDuJ7eme9k9uXAx6woUnKQmNnSSkym1pD,0.00013824179768562,6,349814
1A9tEEEYpXidGzkaiPFPfYz5fkQVtZk1SU,0.0001010000705719,13,341764
12sC4856yLHCVejxzDx9t2uFvqgSp93141,6.638839840889E-5,47,343609
1iEzeCM4WYfBsXHWb63rSA37f2JyoNB3W,6.0338526964188E-5,28,340954
1BBZkCCHwHT4nfbGSKCvGqUvgYjNWSTwyb,0,436,280106
1F5wk1ScZu4qTqW86xSrF8ErdWHVMcpcLq,0,276,288235
1PPr7HMMzQ4hsvsUPoe9HX44Jn23ZbYzQi,0,166,311952
1KkHFMpebuwNH81uv2mCc3j9rsa5TE1Lg8,0,138,318478
1CmzFFCpbk6AvSxcwtvBzijQtiHFpCsM3H,0,128,340859
1KUTTJsjwDD7Lx1WKbYdpFijwasBtRaPA7,0,111,310242
1EqdM8wMkPkgB3raUMYFzf5R385D1FvD8R,0,105,290406
15qnRKrqmGgXsJZcFoi72tWmk2GyetGTjA,0,98,264680
1FwwdQEQ5k2iVbs1wovBF1yngeagutpXDQ,0,97,331337
1JM4DnekdhTnCN4WJ7tqZsw93xpp6FiSLM,0,96,268568
1BrHcqNrxdRaDaMwTZms9hKLrbwrPyA18X,0,78,316609
15aACCGxDm8ZvEAbDPFu6nbJkFZkBt8pQJ,0,77,275076
17c5143V1bZ9ACURnq6pxKotCbg2e2sjBL,0,64,309813
19PCzUHkwRAZp6vPjsgbPvV96cfPezMmRR,0,64,305212
1KPpW54hVEgmu78Vt5SxkT6jXSTHfTe5UA,0,60,309980
1698HMGuAoZookeVtEpGfysnusdgtTGvZx,0,60,284904
1Cif52os79Kx8Svjsa57CsnhUTUcq8xKsL,0,58,339629
1Goxa3VwFcSaeW5sXfZjJJryAUcUPDs3jP,0,53,337569
1CxFXgpAHVBStTe77wf6qKAw6XuNtYrqS6,0,51,339142
1DX9LtGaGX29sQWyEfyto1UPqhp9hiCnnb,0,50,281540
18NKRa6VF9RVvGhSxr7maB4rzr8Rf5VksE,0,47,308111
1G5TX5j41Woq8sPnoS64noEWBYb9e95SRX,0,47,265690
1EVy9fksGx4oKDw6b8hYXr3DNfAsTeRUSy,0,46,295772
1Ba95Zgqr1qcwAaddjpd5HazCb41SHK6Ah,0,43,312318
1FAhLHNc6Kiof1vUobS7bfZYHAVh1cdsEc,0,43,279228
14kLi65Y3vF3F735kFMEMDJhwcPJqFw6Lp,0,42,290551
1CsaqRyD4Gd2zED2QxYxqD2BFCEw4xF8M9,0,41,340568
16LkkXkBn6NNLN7je1byC4uw5GTWQXwxvV,0,40,307521
1E1tF7qm6LBVBsjCQonNQPFXuojmhAXrYc,0,40,290111
12AHz8HHuDky2WazNMmMGo8UypbEFELx1g,0,40,268464
1NrnqhH32M4uZQ24xhNe41tJdCqwk2zh7b,0,39,297841
14xzvekqZioZq1CN5qK2KE5ZVeHYrvEPrR,0,39,286031
1QKB1aU8ZncWvnm69UM3z6hxhHb9sbrWNd,0,39,279144
1BvbYeTVqiwHp674xvsM7QigWC2hr9VQiF,0,39,246613
172HTP56ETJb6vApEPgimjwQAV8aeUUYa4,0,36,286969
1FW4HqieSV8F4e4LrS27xVvjEvaUet288J,0,36,269067
16KbtvzBNbiNK9PUwmhC3LUKczysQszMKR,0,35,339434
14iz8JPtcyhFJw7bPmcfotCMewTPr1HTxy,0,35,290201
1LukRXp8vpi9ct1CDbMSU515AV2A51dFBB,0,35,285907
1GDBduJd8CGRZRxaU7bgw6zxjbzy5akyC3,0,34,305868
1M5SiFLL6QTdYnjM8kpJnHG4MHWB9iXk8J,0,34,302043
1LDvJRAjgRbzQKqCNTvbJHNvfo5sd5hMxi,0,34,264475
18JqZcTtGiJ3BzJW2u94LD8iHMHXNcaizU,0,33,339585
1NnWjhqdZLH73fJe4DF3qN4yqyagegnbSw,0,33,295160
1JCHfKtLLAXjfqzKPadkvN9XGLDZ2Ned7n,0,32,309165
15rFjBjbmD4yuh4NCU4vm5vR3TxQPoN4eX,0,32,292189
1BhpvuytY7jntF98P2cjb1bvnMw98BVaTr,0,32,286954
14cjxncpRZxRVTiSQrHwTQWbjMWWe8bvxX,0,31,309188
1P5mvrXeHhWw4ezVykqjNf1YTGcMrStKSG,0,31,290934
1LXn71Uq1rpZapR1VRaLmS4As9AnDkBRDz,0,31,290727
1G4FqPo5wo4YmS8iEf3AdxHD8b7JRFoqXg,0,31,266002
1AWTbYC2jZUyLniAEqb9jegLogNp9QTosa,0,29,297822
1GNyf95sotdFkkj87QRfXfxT1PEwGdfFX2,0,29,287110
1A9eT4DcPNALrLBSBBmobg2iVsT63scbC4,0,28,307245
1BpHYSCuktM6naVEuBPRNy7Sq2VaUPAjjJ,0,28,306067
1GYwHa8ECVQxsLo9rm9VJa4Gi7fWCmYstw,0,26,300262
1FK9dMpMtpyWZ9RouY2HCoTThdG2vAimnQ,0,25,284819
1KBUxdFkvkVjU8g6DLus4Dc3B1ko6gapkA,0,25,283324
1ABUkp357CsS7AYcteKMKfkeDzgmjfiPeT,0,24,295230
1GQJ5zQ324KaNDgJr34qyMP2UVPYiQFhio,0,24,290333
1DEjsJ53Vu2s7HwzN3Xcn71aUUaVkkmUz1,0,24,281598
18mhMXtPTf2GRhaBiUKHJPa7aypHhTtwB8,0,24,271862
12uE5Es3DAGghD6ai2d68p8VQ85zHFfvwr,0,23,339950
1JC7u7DcGnTsDAnoQMC1Lhth73AD8KDrbF,0,23,314477
156VwKQ61pjEJBprXV6syW7xCBCvJtsLCm,0,23,310368
1CxSvzXnikH3Kp8aZzAFi1MqwHR3vNaMvJ,0,23,299674
12p6af1zLX3AEYcGsr4fpJCcKRJ3CYxi2E,0,23,295164
1QHLyk3yGedjmy9EzqUyk3dB2zfDMcdqxJ,0,23,286569
1HuW9KxzViMtfbiAtw2Tmc2aH2RZHUrpSZ,0,22,291990
141BRUS5orqfA2HbXCL73dGhP4z765b3Dd,0,22,291935
14DjsA1CtKCJbmo3e3xjEL9cHqTZrWam4m,0,22,290800
15Xgi8o6AzRiQsXeBrNDi7duVFStKtqGjw,0,22,285812
1L62kQ9rz4S1quZJNVc4pFqzLVHDhCn9kq,0,22,263432
19qs4BR3caF1miyho91pHqekLGvRcsoHt1,0,21,340958
121AFnavpCa6GhVD5xEY9E88ctMecxugUR,0,21,337569
13gU9PSK9exvGyooUFag4yKBu5aiN2ofjJ,0,21,299350
1DC9tK7dMtfPAiJ35GJZ6gMj9iWfSNEgcB,0,21,290727
1PxKYGboePqpmTRxkaMg9uJJ4z9AZfdgHv,0,21,287355
1AGSWPyMgaQg4hPdDYS3GSea4zwwuWxB99,0,21,276066
1PN2y5QE4JaywyirUttKLh1wzXDgAyrCaz,0,20,336225
