"#Wallet Dgex.com (00d28183942fd30c), page 1 from 2, addresses 1-100. Updated to block 724491 (2022-02-22 19:00:36 UTC). Source: WalletExplorer.com"
address,balance,incoming txs,last used in block
13DhM3QJHMKhM89ENdFX8n5W2pRUPr4MRG,0.0087248608469963,3,336499
1CQdZsFQQUYcL51QS78QANgdz5FetXBJsQ,3.3602118492126E-6,2,337607
1AppjquHptUXsrXB2K2i3Gw2nKRGKMDMaz,0,24,361861
14gNmP2Dnou16WzhVHr7W7WWNe7VBpQBXa,0,16,361861
17beP7RrZvxaAqnAcTpL1KMmLwA61u6urt,0,13,358471
15ASZpBPAtpQpvFtKpxzsr2kazx4cThpiz,0,11,335691
14KJQm2KqPLzGZat8WKUgfVVLgTbkiYuDf,0,11,330924
1DPhhcSa3mGvJCEF6sZ9nsB6q88UtaEp32,0,9,326562
1F6jQpyW8pJHPoTbTKt8FkT2pucCToQbgg,0,7,356760
1AzMxmSZnVfpnXsSdJMXGswgUQXr2SKUqR,0,7,323833
14ujwKmSNZ6Z8kf63M6ryVV9Wg2LeTpYqi,0,6,357311
1M6NkfvCKPZ3bW5RwUJT5NwRtNpSrBH9Hp,0,6,329991
1HxU4nT7NEXR6DtGeaBzxuStw7cty5haof,0,5,336499
16Vf3KjXNbbcjhogBsF8KKXjRZPPGHmsSE,0,5,326980
1PrhLPRs7jZAYMZ5SN4xn1CMBpKauEmkFj,0,5,323406
1Mbru6Y7dXJ4NcAhLMAmqWMZQTwjUm73Kx,0,5,323226
16XEnenFHgczfDmrvKauhpEMpcz6CVPZzH,0,5,322150
17L9h2EaimDvCwkPW9jqKkxX1joRTBWdqw,0,5,318537
1PeF9Lsw3tonU4iRCFnAoxDPjsJ7iZRy1p,0,4,324287
1LjQYiHidCj7xeNpaun3DtLEoPn8cdWWQZ,0,4,319051
18cNXL6DSXJJoZnn1WxzxZcYtf37wqLby9,0,4,317996
1KNPiam6w6vHRPwfQEczmECnWp52Fkt6jW,0,3,361861
1PZtC9MDgdV9s73rXwgFCjuHSopZAUbEKV,0,3,358471
19noKs4W11zDMJ4i1URBmcgTatFDZzHsis,0,3,339118
1BoWwSNxu6xy5rbz1rNsoHbp7JhAyoSJEz,0,3,336499
1NMx3tGGtqrHEY4wm8h4GHD2v6mm3QSFGv,0,3,335691
1JwuWjqS3bbJ3qgTRQkZmNS7i4jPgL792Z,0,3,330924
1D3hdqKxrmnun6udmrs5puQ1rBKSEbL9oL,0,3,328325
1NwXmHTFsvDaJHvuaYe2BED9JtiC8rJWFy,0,3,324713
1NsLzyi8jc5WmWCmpqQPMGJNYwA2rVNCNb,0,3,324287
1Prer4aFiRdQJk7zNZDasdQXiP4h1zjuJW,0,3,323502
1CmeP2W6AbGZUXwEAt9idVimFLnaCWQag8,0,3,322612
1EZSjphLf9ePi542nWGdiDUK9mVELDVqzJ,0,3,319237
1gSoo4YddwZhYGaVyy3Vx6UV5jwU6E4bc,0,3,316496
1P2iYWknW6sE1Zmqmr3sK7m8KqK6JVJiyd,0,2,361861
1MAH6cJb1Z2xpfUhc18e4SThQVZD5Rsbru,0,2,356760
14bcQ6BCA93R6aHSDBwvACJZzxQakbmMgB,0,2,349059
1E7YGjPfBuj9JvQqu4kcFFHKDoVfivcy5s,0,2,339800
18nUNiQLbYxwX8yYxGKjKaPz7TWcvkyNvZ,0,2,339002
1A1nxdZJQGbDwBXJFktLRXaUBKhFNiJPXD,0,2,339002
1G7GUm5JHoqwFkw7sTh2EvZxScFfqgEH45,0,2,338288
12LeZEBMQmGjnUiE5qzGy9zged5VPcNM8U,0,2,336499
1HU9NFVjZzygEM8nCPJMKFCM96BQYomAgn,0,2,335691
1FuUUn8xufuqJwBfLwa9W4UrrB3xUF5sBA,0,2,325425
1CzPAJWKELffcyNe7z99b5rTzneexQm7z,0,2,325164
1PtC3ZwerVqKtXBaQGoKoXDj8rfdZHdooN,0,2,324287
127egSQy2vkHrRU8rgfzRmDAUdyHiE2Jgv,0,2,323833
1CcrEXu5LhZAZuJiAqPXfSRKyXSkgRcreA,0,2,323833
1LXZKQ7mGQnRzDwLrZukDGjuVJ4fJPzHLJ,0,2,323833
17KhpSGm25Kt3CWhcdt4PKkBTAEE6JB4nT,0,2,323635
1JhzNRUvXRc4YK2qe3b6Mg9DuE5wurUTPs,0,2,323502
15oHAvXJWsjLmU5Ri2xU7DFGzb8kkLZG2c,0,2,323198
16xbz7A1wXBGZj7W6RqaxrN5jaDSFm4uoc,0,2,323067
1HL12XeQW5L1W75eEofgPX7P5B6fSbpERw,0,2,323067
1HcFnKEFq6F6Bkzk8o8n8PQgALKfNbArUN,0,2,322965
1KiYMfyn3xLQCMPJkMomgE9i4QxXECiYPT,0,2,322687
1M9ma5jNAH5ZFZbJbxCB8SKGYe4CiJwekH,0,2,322612
13SnEQCeKe2JX9kvSSXxCt7UGsy2HJpumP,0,2,322462
1Kq5uAiA4jeuZL6dM9E6SoDMipGsKHLxpe,0,2,321430
1BLfMPBH8zLVq13VC3XtTkFF7ftwvUpBMj,0,2,320218
18sgFrAyjQXB3kCef951PUpibaMM6Wcpcp,0,2,318507
15kjkwNVuErD4LjS2Cf7sxLN41oAy9RexD,0,2,317872
1HZmMbvGyubkmRLj7xryZoCivASgTGwtUM,0,2,317440
1LgbYSiNosEPduJRM5AhEKMn4gcjQxyhkh,0,2,317440
1Egi1P7drb7XHhNw4gg6NrySXzEzVbEZTp,0,2,316969
123a84cXhBkU9xs5HKt9Q3dJwCWsFA354s,0,2,316532
1BN6JfFkBtkBRFk5Zf6sGY7Z28cb8JXH9H,0,2,316496
1DnNEu64j9Wp3CN7JGmpAJq3HaWEwmLjjJ,0,1,358389
1L82WBgeP4R9H4LVHHUApGYg7wv8KFP2nh,0,1,357311
1MmRN7qXfhB6uSRCJyqFTbEcFY7xApaD8r,0,1,355104
115DYKPJWiffL8DcKUG3BnD8t5k7BazXLA,0,1,349059
12QKqHKYB8f1muk4tBAFhrK9d5scKBDeVt,0,1,349059
1Bvsw1donpUuSBsi4XhbRqiq7uFJDZGBBX,0,1,341671
12bSyUMBvZnPbEm2Rkr95DskKA7hL75Nk5,0,1,339002
1Ad3ydJFXgdULfGeasMA3kb1maSnXP3kZY,0,1,339002
13KDZBL8JUXxnYKxA4Mj1dsThj82U8ku5y,0,1,338288
18UWg3v17kTHEaok7Pxg4Zf3ZXaAGdfjZE,0,1,338288
18jjQaLou19iqUk5ijRsAgmeEPTPqpRSp6,0,1,338288
1CEa5v2Y9JD7rbigsgB6DTeZDKdDteSt1w,0,1,337140
178yNBR4gbPE5dP8SpagQ7SnaadjXXdAUr,0,1,336499
18YfZpf52LJK2KXhFyZeQS6Anhir4wxsiF,0,1,336499
1GipFx4EYTidxUo6idg2PeCXEPwPwwHP3Q,0,1,336499
12HFbmYsxoC6JAJR7VT1sJcsasvJZ9es4g,0,1,335691
12n8w4fShAaVuxodSNNtXxuVEqjX16SwDR,0,1,335691
1BGctsFH5v61B3N7qL5tLHfY2gLDcbJV2N,0,1,335691
1CcaoFww66D7a2SUx4vbdvS8Jg49gKiUnk,0,1,335691
1LZP8pTS89Ky7YsBMixekwFy2f5h6REiR1,0,1,335691
15tYVHHD3gh4oC7NsuJqXDKZ8TUPC9sfha,0,1,333897
16ZUPTiRxqbcLdSgY8yG6DGwZE5Fgpmoz5,0,1,333035
1G7amkTGXzZ9MgioD19ohc8PP4hRmZ1wJY,0,1,333035
154H6gxvuLj18Lk4mqkFyM9zHjHQKFjFwX,0,1,330924
1EmNsy23vQx7DecVVQeEPq8W3R4zBKKYqf,0,1,330924
1HFro9spnm4NkJef9fKpriKmgCX3jnRTZr,0,1,330924
194VsNEBfvdAJCeGq5Ude6J6wPfgxMrUop,0,1,329991
1Dtm5q2BXztxXeg4GxNJ5Ak2ckLEePDP7W,0,1,329991
1K78gJRkRqM9xbWdVcbHFrPYvV2c9omjaF,0,1,329991
1KNEWacju7xBzJD7vPzaGmdHAv5VpPjKjh,0,1,329991
1MESwcG5d7zYydVYd2mu8ondsyWKafyKPX,0,1,329991
1NSRiSeDxqbjYWo59MGYvG4cBui5pESUvV,0,1,329991
14grfT3fGTrScuKuuFQC8Evzy73AHtmPj9,0,1,328325
