"#Wallet DiceBitco.in (000cc39c25d02194), page 1 from 24, addresses 1-100. Updated to block 724491 (2022-02-22 19:00:36 UTC). Source: WalletExplorer.com"
address,balance,incoming txs,last used in block
13yt9X6TXFFj7ZFEoijfXyD6tgm7ZeSEUb,0.50367172062397,6,368278
1HeempJmKXkMrN63VTKgNm3Wj6wVfEtQPh,0.089000001549721,2,393128
1GCT77SFD5i3BgZ32yxj7LHdBYvxT7E1Sa,0.0037509612739086,10,455226
1BZdDSXBk7HRbWR5Heyt7itdrbnmiYWiYG,1.1108815670013E-5,7,325116
16YWtPdtQUNSpsdJZ4gqJ6pSmdTry1jei,1.1108815670013E-5,6,325117
18LqZY9HtS7ym7qk9STCFoKaTWfG5JvEse,1.862645149231E-8,45,324009
1NqcPw8pq9AdAGjbuRJWQ5XwKgp8zgyHjm,1.862645149231E-8,27,324212
1JFV6mCng2mYHZ7Wnb5Z9G6NBbrV3AGWPW,1.862645149231E-8,17,323727
1ERsRk3f9gRYW2buqapj2Mffo96by7Qx39,1.862645149231E-8,3,323727
17vQVzw4NeF1wGvjnVT3wGTUZBPakLuJgh,1.1175870895386E-8,6,323831
1PQJe93wCjWYuJEr8iaF8Zs1DKmgmJ3LFH,1.1175870895386E-8,5,323618
1L46SP2y8cMdsAk6Qjaj1VHwfKq41Whicj,1.1175870895386E-8,4,322784
12QNNdq5AscFMd9cFujQBm2i94ajL9SHu2,1.1175870895386E-8,2,323831
1HWAxZoa64XfVhyQCzvSSwXUZnrsaWjKpx,1.1175870895386E-8,2,323721
1MfEivLaGNrboNgqvUB8m79xSxDfYgsw8s,1.1175870895386E-8,2,323721
1CVcQKxuYm7ZSSmfkKjC131pNsqj2xMfke,1.1175870895386E-8,2,323706
1F7WKaECAse4RVkuziNqv9wLKKmVCMtRgd,1.1175870895386E-8,2,323706
1Wzj2viXktDrQtzZ1zrDSSPeLnycJ7kqg,1.1175870895386E-8,2,323618
1Kvt2oqTVgsAfS6TrbyuVvotWJacNPEg5W,0,87,322689
19Ycy7ZJhcK4cxJxrKSqVX2Ao93tqRuXXk,0,59,317712
1AqnkbitYJ32xhY2Qx3HzKVPFDxtRHCZnu,0,55,323259
17ZaAK6NWAbg57ogvhTp2T4AnDVUudmeKa,0,55,320482
158E7a5E4ahoLNrfhk4zcRQWH4PwPGz95D,0,48,319976
12C5kBPNXYmrv496NS1yF7fWhNiYAqCvvZ,0,47,319480
13XsP59ZssBLvzgQ9CvPuijpdecfA3JhRf,0,39,323831
17MNRUWATi1mHgNdQsHjnG9ybVqXJKHf9j,0,38,314600
1P92LkhbZPxEQ2yeHyzVqePy6uJUthG5Tu,0,35,319566
17ATdx9YrWoaMpVNT3yXS83sNgbGqndUSK,0,31,321117
1EqHS5EXfTwunmHSVm1nrGXydmmvmCUR1h,0,29,318213
147gxQUHFR34DC86PTc33K5ovFmdf4CdpB,0,28,323372
1CZm7ti3cJyG3cKG31jB1wC6crK1mcHrsA,0,25,323831
1DGSxnW7erjWeeTwfXfRGf4VB1ehyjGcB,0,24,319168
1LYUKcR9UGFsocmvNTYWWTCgVqtX5jujrp,0,23,317638
16B4aJPSNxYtAJR5pdgEnHzjssM92aFPju,0,23,314346
1AQqmpefgM3NazNDH3Tc6GuHuDVN1QLhnj,0,20,321262
1CQLpLQmaqi7PHSTFRqhLDPK2Ebw9CW9sg,0,19,324964
19XRNbhmS1HwjAR18CYHs2Mo74hcsPFVV3,0,19,322786
1JSJTbkCzbNTXCMSy9k63okbMaFfiWUVcY,0,19,317564
14LsVTm1z5TBZNNAReJzsBBDFbYEqdWWhg,0,18,319897
1KB9GDUhkyFbp4eoG5oPq62RXHRGRnQ8Fb,0,18,319626
1M1dcgepx5DmqgwQ9F6E7HZJLd5APCp4jK,0,18,319574
12zXSoh1N4TYnSwxmihw6Z1Yvi1HL9B1Xd,0,18,319285
1EHmUTJK6Cx8ud2N3wuxK6zpqmiFSCyEF2,0,17,319597
1729zYJYNp1GXsr2gUb6BLHhLkPkarGziT,0,17,319365
1QGyvpkda85cZEj7rhgA56X7HEn8f59N9a,0,17,319280
1LA1PLHiNkwcnqC6u8wwjbN8t9nvuqs5TT,0,17,319177
1Cv82VMrzU9VeU8ptNiRLPPjoBfbyQa25T,0,17,317458
1CgXSx2Q3yh7SHwSUXVoT3MgfFwhWLFnCi,0,16,325119
16v5gTFLJDWgGa3x4iHoQQ12DK6KBKvaoW,0,16,323831
1NiPg82Tjvbxpz1zZLJnJDXUX3nKA2tFbm,0,16,319671
1HoAdbcs6y3SCYWF7DMeywmJBJqKMLt7Zg,0,16,319566
1556eogCQc7cmKVfJgD2B1VWhqZU325RfX,0,16,318933
1HV6kjmVkwhhkuHJoS5hasfVeQSe19DKGK,0,16,316502
1FMEYX4tQYPdnsRCjTeHkALZWYYhgr3yft,0,15,323259
1DSA1Vu6rQqMSQAjzDimYTCuKUArv6ncv1,0,15,322784
1KFxbwsgGiurXW3Axb2MbUG9kywHxgwnPW,0,15,320559
1GGbrvWWAdQMvUJ9siE9n35zCWwJLwXaps,0,15,318659
1BfYpPp2N6bRdomgsLpRLVo1RxumDKG8Th,0,14,325410
13a22cZDiCswWWuVLT5tSVtz5GpDr5RBkN,0,14,320028
1HQFHNuthcNm9YpbquzMjjT82qKS1LLLBW,0,14,319520
1NewSEFTL6RbEx9SSi7jdXzXMwyNWd5kua,0,14,319480
1PuSuiRixBSBsUYZ7GSMZmNtPtzMsYUyTM,0,14,318912
19bCJTaRPAhcrTWPpkgeo72PaBwQzPiyBW,0,14,318422
16v9BA1WwFjRmnS9HjCL6wPLUyLkNbHChF,0,14,315645
1kUuzCd1k1xwph4ojszXNZ6tZs5FCCeAK,0,13,322244
1MsCJZvTLQDhik4bKepeJPxsXuEyPNeVHh,0,13,319280
1Q7NzFYSJamdT24ULpRdCsqq4BWdUXF7zC,0,13,319259
1B3CcaCzH7A65tQDiVz7bRpMNMDCuURF3U,0,13,318208
14Z4gzi7RH7KzWqXJAiJAxewo97qJJbz5Z,0,13,316592
149gcMUQb1hkhJzRdMQZ48UVXSTN9BJ1hW,0,13,314915
1Kz2Zkq2JiHLR4jWaLVcPCeTvA5nQVjcGu,0,12,324132
14EPHkVFDtoHbcEfkWa1UuXjRLumoCTUUk,0,12,323044
12ufABLega1LTPSroQqP5KxWnkMrCjW35a,0,12,321847
1DxzDi77d3adCs269YmGi6DvoACSgfYi4S,0,12,320884
1Li4Vt451VhfyMDzj6fSGjuzodFcYTXUbw,0,12,318675
15HCLqLSmr9UAY1dztJ3fVRRE1AeNqY7T4,0,12,317267
1To2LMqM11oYaEKsj9uWZee3g9zUN55yh,0,12,316620
1CCRcUFLJbUYyn5oU1pAb9to6TQkJ8UDZP,0,12,316009
1DWQjQ5QZVCDHcRKSepYtBBVYA366rnjmj,0,11,340982
12zQukXmp8JdG4wBV1PqUC1i6fjyAmuMQv,0,11,323022
15K6gjW78iMGL6cUd5GckGdYy6G6BY2itc,0,11,321179
122vTJeiRAJRdoqWart6GvuGzzuhe7k3qK,0,11,319555
1E1C7XTYGGXEF6cyELXsdgbvVoetTyYrhr,0,11,319520
12bNKVj6dwbNx5DEKXUbHwWpa5iQEF3ncQ,0,11,319307
1FsCRrCAUuTvh2xrM41Spc5Tr6UgJ2xu34,0,11,318570
1PmgtVmboJj1bSgcbR88JEjRWFxBxx3xxJ,0,10,324107
16iuWHb3RWsHKEWhqHY2qzenW64LDbatkC,0,10,321684
1LGo386cwHPwsvTTWhosbURnN4Sm3TWZys,0,10,319897
19eCqMVAucLqDSLvVC7BcRv1sJRc5yoMsB,0,10,319505
114K3kGUw5CWogWFDTvhn1rhaAXHdoGJi4,0,10,319256
1FVedAZB6ppfxegVTYBCnpYDTawr8Yd1bF,0,10,319230
1HZ3pEcGdtL5CaR75Ke1NeafAyPR7dvMof,0,10,318885
1EFhCAhcpqH6uHGscHVVTf5LcUKSejTbKW,0,10,318018
14FSSnH36aDS2dEuHuxyZ2dQSCDADr5kBb,0,10,317419
1DskwP2Fmvuw9cQLqk2btQxYtBs7msPFik,0,10,315753
1PhBtZTgk7MmegTDgXvRWaJtPtMNDugoqx,0,9,323044
14udQZhGikpJ5UQnzGTFy1McGNBRMdnykh,0,9,321199
1AQCwtnGshCX8DYbmiCcZzSu5HVfQbc25h,0,9,320865
1GxKHyffrCpTeMwNZz5KKQWvZaEWrRdtJ7,0,9,319251
167YWStMVRJ9yyHtMtRLqSB7ZxVPXhsit7,0,9,317727
