"#Wallet DiceCoin.io (00c9c27bf5abf11c), page 1 from 4, addresses 1-100. Updated to block 724491 (2022-02-22 19:00:36 UTC). Source: WalletExplorer.com"
address,balance,incoming txs,last used in block
1CYju8vZYKytTQDmvRxBggeVYRPSvAFmoi,0,14,379886
1Mc3hMKmDmWgtAhbiUEbK7W4kjdN9arPsd,0,7,356905
12Q7SaTege1SZe4fDG85c3ndRi32MF91s5,0,5,393465
1CHodFmEj7eNH4sbSTe6brzMugFzwsy9mU,0,4,379408
1Jm1wzaafNkTDJz1y6zKQMPknQzRSnvmPK,0,4,322769
164FxhAzRqznMV7xBJYR2Gb8zqRHzyVWV7,0,4,322715
1F8jKJXySkXexf1ZRj1YTRcJkBVATFTCQH,0,3,356941
18ij7VbC5hWKjZY2Sxw4uKVwuQg6duBcb4,0,3,326852
1E3R6dB15tpAhhmMcSGnHAWEntW2axb54v,0,3,326852
1P5i8iXtNcqJG7zhPwQ1rdimJejLmRNqDF,0,3,326852
13SisjqMQBerbawjGZUSvs5XMyHW8NCKNi,0,3,325354
188XUgVAv4KUr9g1Dw7WbiaEsutuRJ9iX7,0,3,324917
1GPXReWpCMYGtKAmgvecq8rJ3GgJoiRBRy,0,3,324917
1PoQVKi1mCqQzWgJxFgMkRiuV4xzwsSrmA,0,3,324091
15m3gxMg8vQEVA4aRVeuB2oqGHiPy9zSBS,0,3,322769
17WrpavBUBjRxhm5k5ACVyWyse3tAMwBo6,0,3,322410
16NudVWNBjpnKzHAuawrHwDmo4mL3HNXbW,0,3,322296
1Kjg6Fg2JzQLYV3HaMB4GUpFAYKovSLAjn,0,2,379300
1Y6g4zrKdJtduvYfWofcZMTQF6kFTo3yq,0,2,356936
1BA7rYyS3Uwu8xDdK8Qhiy2ERsLrgX6rB7,0,2,356925
1DekQ3a6omDL1h2KTa6ji64jfb598VWc4L,0,2,356925
1H2HRV95DbHLQRCkKDymjs4CLYRpPFrsnX,0,2,356925
17gAb4fgyDUZngPy7xYUSqJhpLhr2aBpEY,0,2,356092
18mTatsvGvHoMffd4h28WC9x4CYFMx7GHY,0,2,355845
12pbJqeEyKimtdtvcsnxeJMxVakEsQpFvV,0,2,355563
188kuyaWhG3uFg26YBM3g3qHiENtUMvnCY,0,2,355563
1Lix5XPcj25pBvtzTm9FZCUgaqGmMjmheu,0,2,327124
1Lo1BvYY9z3Xkukej6osA5kAxoQ9qast99,0,2,327124
1P7Xgc8Lv3xEK1QsPPjxWf1gxcVGvBwc8j,0,2,327124
13NGbqdg1wnKxa9FAdyuJDwEbBupn3t3he,0,2,326852
16jf6AGZrQYxwsGfKRgZ444R4BCyRnJeJ2,0,2,326852
18fNEUzxQurVzP5D8Cp2KAVPvU46TjXRpE,0,2,325428
129N2v3tL5qbR7voSqVTbv4jGbF426iRV4,0,2,325354
12XAj65uEh8FwwdduB2aq8a94kepzWwdtK,0,2,325354
15iSYstF9k6XLFP4AhmNhs6jftiXoi7MJz,0,2,325354
16UGsyrM5ZyFmUVBBzqqaQPqGbukVK4CBY,0,2,325354
18VvTrdVg2zbA6X8biNzGPc2AHVfivDsJB,0,2,325354
1Aj7bejdZUetNYaDy4EZmbmWimPBN5GpZT,0,2,325354
1FssycKiXe1btNWfSacZj5nsZDryDGZxYz,0,2,325354
1GN4Ly2sYtNtjkwhaJwb3ANFKzWdPfCfdZ,0,2,325354
1KPii6HXk8bsFrEQeTbbBoQbxgVArKXCiT,0,2,325354
114pDjuZcwaZaYbdwC1TFU4a94AtH1CxJx,0,2,324917
14nQ13GnUEET5huLBkGwytxf8jGvMS1sNm,0,2,324917
1AHqeY8dDv5ZXCfKdKyYuLepe3MTRK92Dy,0,2,324917
1K4wtfuFsMoSmV2VCVGvNCp42u9cFNdwyn,0,2,324917
1NnUQtx1bRUeWadRD7HXF1etP761ey3mZn,0,2,324917
1PXxLfyJeGQ2H8XJ6DHSemCnFP1FaMqkZv,0,2,324917
13r2w7aa61whX4cB2ca4Rp1fc4EeCaiQn1,0,2,324091
15XbJbRvwj91yKTHYrmn7QAw72sAwVt1P9,0,2,324091
19Wo3by4zBuLv68YDRkke2MvSY4Hf4d6z9,0,2,324091
1LitQEFXPmi8hazEp9LuiS6KnjZyxEBJMY,0,2,324091
1L64mfcUsVmxthS4e5NP44xzac9AmBNxsL,0,2,322871
178ymQakxQFV6XAojD6jgGfiyiKj686h1K,0,2,322827
1CrsVVTVTn3zgAPMhikzgk63eRa7UuGw64,0,2,322827
1FptXPcT5fV6mWXNbRAkRwALQ3WTmRYhuD,0,2,322827
1KauHcML9GFViLWBpDsRKx1XjDfaueAGDx,0,2,322827
1Lf8iQ6VofTp5AM5EeUo1GiR9ZQocMJnVV,0,2,322827
1MjuRgexyJH9y8jVQ2Vjv5R5KQmLEA7ZPf,0,2,322827
14GGvcehdgK5md52NViTomedYbcTJ1eNxr,0,2,322769
1P4bcUqrcMTmVFi7HVoZPmAFsKpgQoEZcH,0,2,322769
1BwUUDo8posB9Ruv2XNDrHnLvEff1bJ4js,0,2,322715
1DiiGEpgKNKdyv5ZaE3VzXPfzzSvW2Kkk,0,2,322715
1F5HnmSYTCxHoQG4S83zbuHhYNErioYP6J,0,2,322715
16oDwyCtQRpmMJnDEPQSQ8zNuYhXSMmTJa,0,2,322411
1FwKNecM1vSguaAs4NPq5aNDcpPcBbmaXF,0,2,322411
1P4KVcxZUFUUKPXuHyZRm1MsSq75t5j3eP,0,2,322411
1XKDzbYg4gPDe4SyDi4BxJyrNJcpJU3Es,0,2,322411
1NHmGDVuAKioT9GY5TNvDEwH9Gp1t55Wc,0,2,322410
18FH5hd1cq1KH3Go3NXQzadoDN6j9dg6fZ,0,2,322321
12wuUs4zNbdDGfkPKTmJqWeW1hkza3FHe9,0,2,320458
132TnidVeMRQBfDHfbWUw5CEJyYYmr4zVW,0,1,393465
17AmZWZh5vCEUvaxXpX3WpxwrvYj6LARqi,0,1,393465
1DHAx5ewhVjE1Gr91i4zapdEyG3X19vz48,0,1,393465
1DKBdcVdE2DK6yjZVvKfHPoEAaXG8LXKYr,0,1,393465
1DniAqHQebuyAGd7KNgXp9kpwayhwwS5Mp,0,1,393465
1Ff5KYNnU9w5miyFZbgL4HpPWqrX7eigst,0,1,393465
1GZQTm9tdjQ5Z6YazsNafSBCQ2yLY1hsv8,0,1,393465
1LxG8RmPXgGqdipuW2vJcMvpkvbDa4Qqe3,0,1,393465
18JZ8JYbGG5X2JvHGmGNmBsE2EfzapW4BH,0,1,393297
1AYYySk82XFAQWqwet35hsV2VMEESMuNDJ,0,1,393297
1GU2nPnUF8dXUexgHoMvBENoGvMuQ8DDhg,0,1,393297
1JVa8949uzdEmXKLeLvt6AQnHP1wdxkZtJ,0,1,393297
1LdTj1m2hCgrNh3WStEcoz4hhg98W9nTzi,0,1,393297
1PtZnx2CsXH6AF1kYwcyVe7xJMSyUCGZuW,0,1,393297
16S7GQZpX6oq9BfKuGmmTnKzEpcKwzgRXe,0,1,390847
1DRPMAdGib8ysdxcLXyDW9KtVcLqsW2AX7,0,1,390847
1Kqf5p7jBEF8b2EoAT3t67Y8TTRzcJMEMW,0,1,390847
1M4Whb3YJhBarC6MV482r7GYoqSJTBFwbj,0,1,390847
189yqacykhiWh5xDXgfKS2Hqmx2bybQWJq,0,1,379886
19QJJcowUwXT4WNZYtcXT1uovN6aVah5CT,0,1,379886
1G1ghdyuSB8LQFqRX265Wk5xtqHwf1YVxn,0,1,379886
1G3FK7yi91nBvq9ZymazPwNViy5hgJqQTW,0,1,379886
17CGVW4GsJmxUoir62WRq2qhFQJ6BDR7J6,0,1,379408
19Z99AV8Sy7FswGrJ5zv71PzVu2npFWxiT,0,1,379408
1F6Rd6agU69nyP2dXK9kxhpi1xkrJtmPF,0,1,379408
1LoxpFcRKFwMGHtjJfDHsdwkS86rhRiPMB,0,1,379408
14BHbru3aGDVmRpWiBycq5uMFJEkaf1z3V,0,1,379300
15XrHZTi7dvA7UjZyBJnq7hytJDHse3sF3,0,1,379300
16zFyFGECFWmVA74rBrVxfRxFXY55XGGaY,0,1,379300
17XeMVnSiNJ6pVTro7g9PdtuKNynWhC4ti,0,1,379300
