"#Wallet FairProof.com (009dbdbfd0f0476b), page 1 from 8, addresses 1-100. Updated to block 724491 (2022-02-22 19:00:36 UTC). Source: WalletExplorer.com"
address,balance,incoming txs,last used in block
18aEhkGnYYc3wxMeQELiN2rSKpHgLKG1MY,0.0002058707177639,13,623373
14AfRero4nGxvPdRTF3A4GytDHbppJvD4o,0.00010000169277191,2,447636
12VoGLnb6Vj7aWuErp1Y5kWyWmnfnnwuvD,0,40,329936
114ARn4o7Lf91DaNs3Hk2Fn1iyWM4HhfAW,0,24,288266
1LA8sWvGrfqNpzbnPPaywptcpmyxpmY2pW,0,20,305809
13GX1XdNZK2rkK6Sw1qxWAQZcRH9N5fgZ8,0,20,292933
16NW5ZMojyDY7Uka7nuTqj7PmC4mruU2Xm,0,16,293500
1Pi86XUSMyevQJcfNqtB1ZBuKC7sFFMamv,0,16,293460
1NiPGnnt6Z9G2N2pJuHZfJbgWg3rDcZH9A,0,16,285620
1PRigE74mf4FNzWRJTYiW84bPtQpy3h7B2,0,15,293500
1HmZmqZnHehkfWnDg4vaJnTBAkN47xQcyd,0,12,448793
1DH7U1S1Se29Y39sXGDAqiqBGGASsc66TM,0,12,296170
16fDDgUhbBzjTEMWeLwUWAPgjmrrY5X3iU,0,11,294544
1DCQvVtV6GpDqg3MpDHgt2F4JfdXLcQ19G,0,11,293460
1P9vwb6S9H3dC57NhFiuH8hbCZSXj3cGBK,0,10,296537
1DjC4Jt3aU3CKmfLAoZbLZoDZzCEhJSjAf,0,10,296403
1BtLrMeyRdMwnP9he9prnqsrAUNXWDSUtx,0,10,293354
1DqiMHZaLug6JerhH7govxuE6225jhhfZ2,0,10,292933
1An35sd1r3SYB4XYn2a2S42Cof7rBGHUc7,0,9,325800
1HMZzMacc9EaEnCD4w2UDdiHwQXTj1siqn,0,9,299188
1HsDpu1HMx7fHPShMCcU5C17EmLYuMSk7,0,9,298475
15HHq5xWdUMqbAKzRywuzdh49BLcvVU1zy,0,9,292933
1E59WqYGYTmxX6x3vz5BsWpYtPTA429wTs,0,8,315480
1A1CgM3A8cLwBq9iEJvXpg9u6wwwDrhQuh,0,8,304850
1DAxeUjcC99KzzQKQ2Ak52K3GGqxnAtDaX,0,8,294527
1FEawA3UWYGk7XgtiyNRXPpWxwEAesmtQC,0,8,293709
1CdAADTqv2Bg9pbTAE4KBMtK9t6AWxkmiD,0,8,293460
18MVWb6Ya4voEsLyFjB5oFEEVg6bhdxDXH,0,7,286481
1DMtvbDEjo37hitS1ajmtdmtYVd6xg8GjD,0,7,282837
1PqLVMwa1mEZktmKdFK41j2SZTkrGwY36N,0,6,447636
1N964AACPCxSn7GQfuVqvF6jBaChDEXLpD,0,6,373899
1M6zFPqo1ggKS1gKE4wtC7ePNTidw5Qb3n,0,6,346058
1CszR8vcWthtK5yAoW64fEq3P45qHB3BkX,0,6,326818
137aLvNrstjhD58JibKQWVy5Pjhvy1u6KR,0,6,295831
13xvE1ivWg4wp7apfQoKRniPT2yTYr8Njo,0,6,292590
1CFd4pxufuh456ty3fhyqT7PQs1AEvcVbs,0,6,288520
1Nep2gLKb42uqUZhwMgixDfGhpnjbYgpn2,0,5,444288
1DqVPEcRvm4EcFxnCmBoeh8ZW19Hmf12ys,0,5,435701
1D8dHZvVHxwTXeRk4g5S1NDNmrLLEQWGYh,0,5,373416
196j4iBvSLAmWEnCaQM39xRuTvvuxCGSNi,0,5,365198
1GfgACvPTMH85334v4S22JfbvSzPScPvrV,0,5,359212
14CurxCJAfjmTZuPbGSSiXnjZDHokH6oNG,0,5,339540
12N3ZfSMASUWA4VypmYvPZytx3UPRG3XmJ,0,5,304850
17EoqqhR252t87Vv9rU7mFaSU5ZEzBs76q,0,5,304850
19LiEhPTWoQxqtpSWLJ6MEhsnLEY8NPy13,0,5,288266
1Fu9TENnnhFwrVrqoDzaisgvkJS7yRko5U,0,5,288244
1bWimUeUCEbFEz4u57WCvmX6egZiXfbqX,0,5,284714
12FYx5YmYznxG3NVDKmz6VBZ2359AmhQyz,0,5,282037
1DW95B2upA7sJ4N8FVfaeBF4UftTSAPnEH,0,4,446867
1NNTXJz9HSGHxghvW1Yfb7vQjXEjoEAcUk,0,4,444288
15pSt1F9eLs4n4TntCaTkQq4BZhNrvoPLv,0,4,435701
1Bzqz5z4mTXm2SSrG9o7Ege2AACGjbiDmB,0,4,429555
1Beg3BZaexsDczU1EGBMWbH2bZesi4fWbf,0,4,362651
153vP1CUu6DcBhP9yH4ZPADKebWwoKGExK,0,4,359218
1HBjuVs8Wkke3XKcYFrzzn2zxZhWzfifWG,0,4,357781
1CpeyZXMEbxkoGrsdq3wTdAxrdU15Jacub,0,4,356687
1DgAywQdNUYXfbxjRkMsTzXzWyxJXrKfXn,0,4,319956
16Kd8HRSJWgaYrNCZ3UyA7ucbZg1kfBjFz,0,4,303395
1j2g8uZJnKzzmb1YZvuuVhsz2iwc4N9D3,0,4,296357
1747ZeWe12jwpnn33Wk3RJBZVUFLnUrvgN,0,4,293785
12oYaCMzdHkBTSDXrrcXJ9QeHQ36QEodns,0,4,293500
1Gv2iD747XPn2bxhwgeo1z5i9PQhWTxjvW,0,4,293262
1JhDUh3KVdCkfiWCpUmT6hHCZT6mqeNtAn,0,4,291943
17YvyhYYFkbRESKAT1NfQqapMUDFDNCnqe,0,4,288861
1Cr5r568yMAgQCMBHdmWLVZ99npf2zPBZN,0,4,284559
1GtEUvNqBjgpj4T2V4xx1kpr9dQLxtADBQ,0,4,281901
15SS7E4Ab5ZKY8xNEgsvr3uJfMRfjfub8G,0,3,447202
1A9gRVGqtdt9SwBZjRs4vFPx1kX7iZfRfo,0,3,446867
1BmxmFg6EErGmuaAQAup3umXCnufwbUbwR,0,3,433264
16ycTGRfiqi7j6ukMmGUN6HnPYb8GmVjY1,0,3,432008
1HTsQSAirsmXJF5Cy1dt3MBSerXNtEigYt,0,3,419216
12iZkxmHPep4cruijaAeEVF9j8H1miouwa,0,3,357781
12iHghgH5jkWcwy4dtHyghKfVLCrDjEdGL,0,3,351730
1BT3zFuhucWgH3zZnzEJPvG91tEhNEKhN1,0,3,351391
1JAcKiQCGkMfxUMu4QXzaFpSYoSkyLRMuv,0,3,351391
19iJP9p7cXCaQXmYHov2xX9STCCBwGmpDn,0,3,346234
1GKHib8akCzT9N29aNAVFSeUyMEskzAnFo,0,3,346234
1C2ZxeJuetVKuZDrvbz5cSWvf7sbkGhJmj,0,3,346058
126FwsJB6PRE7phvgytDxcAvh9Ynmttu8h,0,3,339202
13Qx6ZSPYXfzYVnuU6siTvEc5Wkvwqv9gM,0,3,325800
1Fevk4T8SmnBkaN4X3q64KjWciWQpZpabw,0,3,319834
1KdvAPywMUrC8DRXoMt7tq4oNPSZFBSDbZ,0,3,319834
12QzDfGSPqQSkxNey7pouRhEswwgRaAQEg,0,3,319159
1JfEURVAtir1o6UgwY87pgGGM7KZJJGCpf,0,3,311058
15HHjsowcLbnELEPRmJ8uFQf37ygeJUMBA,0,3,310237
18DjJAwoZ3exCkfYtRbSCrLAENDSSf7b7E,0,3,306748
14R83t37YDff2X7no1CXW9jaxFYqqrnrXS,0,3,305809
17vB6GoPjFFMGjQd3CvnbrxgsGhFKZNvEg,0,3,296009
19eASVU8cGG2Ati1t2Uu9JYhSDwX4NyyQg,0,3,295481
1Dd1X26g2sasJqwM2YfGPGA94VGeRdUEu6,0,3,294848
1NVjkS3VTwbxYEn9KpTjrCHBx8dk6ZV94X,0,3,294545
18wdphA9f9nuhHD4w8w2GWipwamzrF9Tc3,0,3,293709
13pXBe8yJZbcJBjxCDV1qCvuqnjVQvn1Kb,0,3,293500
1GvEEKfMcbsTpbmpaWPg3i6ckPY9x3tN3v,0,3,293500
13wpZWecxXPfLqGf1SNFanJdnkqKmHaomJ,0,3,293460
1FMQTcEf6zKen5E7ogMgDbDpvhjmoS2kJp,0,3,293460
1MRGXK47X14cEt3sN4hNYBnHcV5NQzvvfS,0,3,293460
16azBJmZTWiaP5ZK3eE6vnKxziAhT5zNJo,0,3,289977
13v6CSrJZH9cAhqMRxmG2r6Bh9stJf5h2a,0,3,285620
1FpJV6w4RBdsV796Mq6PYzmJbencvBTykC,0,3,282837
