"#Wallet HelixMixer (0020ea83a8a1f00c), page 1 from 15, addresses 1-100. Updated to block 724491 (2022-02-22 19:00:36 UTC). Source: WalletExplorer.com"
address,balance,incoming txs,last used in block
13642EkbFPxomz7pZ8eAdGXyTTXp9zRTb2,9.9986791610718E-6,2,426531
16tNeX1zAVZioHMF7EQP4YfvU8fVbYaBw5,0,12,398755
1Q94Areb5JuSdVrbZ5iEiutXMeRiPT6wVs,0,12,398747
1D37LQLmxUGFpMUqQyGWTLNLDVcFZw1NyS,0,7,398737
193Uvg1SKmnHsnn1noH6gJSLe5QmZe31EZ,0,7,398661
12aU8GY7y8gVcnfb3rW39rX3239vLAX2k1,0,6,398762
1VvgaqMzQBLFvuHf7YPrYjp3rdHw7fpJT,0,6,398719
1EBnqxd1yiEk9Lv6BBZsheyA32fGVjMvS2,0,6,398611
17X54nixnxgTTXcNJMRZb35kFuMCg49onn,0,6,398593
182ZwWmHYgUk78y8jsZPosLE1Zdh9YkP3r,0,5,398763
1NbPhuhDhfemhA4d7LAsf39SWiU45YKNtc,0,5,398665
1F4GmGFxGSB2uUgKndvHbFytjB8D3FL829,0,5,398569
1AiJYbY9KhAie2JyfSbDEyPsXrSwxUSg9o,0,5,398486
1KuFZ6ziPAcYQLqKas5YgR39NffGpimcTB,0,4,398764
122o9MHBsbtaZkr6mRv5hNQLbaCeBJFrth,0,4,398648
1K3nxxSpC7K5b1fkGx3QsexEH1StP7FmEg,0,4,398640
1PTgGiUSyNzL6BwMRmqQrjEY3V3zgGUkxh,0,4,398595
1KYYmBNyqBcK2FLK541sT5zHYKuQtqKnYr,0,4,398584
1KPyian9WhgfiXaquZ9XTKWXvDevRXd5bW,0,4,398570
18PHRpsrYUnLVqZni86atF6VwJhS7PD47A,0,4,398486
1PbQTXsDERb3mf2D3vspms1nhKcFSQq7JV,0,4,398427
17ybMZX4sxAJ8oUk6ffTBzknnqGtEwEYrP,0,4,398416
1CCSjxifU7Nzksi1hshs2qyFKBc9zDBZ1o,0,4,398329
14EwhWB1NFUoFsf9RPCTVG15sXApuS65aJ,0,3,398763
1H1Uqh4DR8k1oujW4G9niCDLsB8VYJeFWK,0,3,398763
1AgVr1gEgznMPvG1awcBsZ4HD3NrhPsNHk,0,3,398756
1Nnd1cjwiXfSC1Dw93fTTET4P9yyYCYLgg,0,3,398737
1Ktqq3ig6LPiznjN2EjTmF1RBkZKsGDYhZ,0,3,398730
1PfZADMeSVMsjA4FAALjYTb3cFQbPLvv4q,0,3,398702
15EmwiyWtHBvCGXfFzwP5fEH41GLtavrGA,0,3,398682
1PRLqS2hMpPUdgnJQmpS81VbiYHmCU1gZ9,0,3,398682
17AZQx41HAxtLb9LBMuPNh8XvYYQwWS5xK,0,3,398669
1CcyvA6wybZNAD66QzZCn2UXZYjigpdBZm,0,3,398669
1GfTpzSaEvXZFfDf6taF2nryj7W6msQFW7,0,3,398626
172FZxxFzRcivjTpBshAdTJefyfHxrKmjN,0,3,398596
1GZcFcXd4LNg1t4JPGwANJKP6dN1RGeha5,0,3,398596
12v2pMN4cviCKtHn9ouk1FEu9rop58d5cm,0,3,398593
1GEoSBH5e5HFYZFuihPRAvzU62ejW8eDbE,0,3,398479
189sx3cvfJjJ13qKcEu1BZpV23Nz3pe5Gh,0,3,398463
1HXQHM83Ct8CdzzZvbyYr2KDx5THtAdHcq,0,3,398427
1DTJXsFMQMCqAs9kxAgDbP7X6FJ3J7REco,0,3,398362
1P6NcHAoHmHC5U9REErnMKDsvUoJe6tuhX,0,3,398355
13sNcnZm9eMCCXd6bNtreFPGBi3A7tX1KW,0,3,398291
1NCTSDzmSqYr5BaY5sJUZPMKbEyadPwJhb,0,2,398772
16ReopGAvyzUbqniu1Q8JYC7tiaQxG4u95,0,2,398764
1LS9CSJyHC8LcQ4Y29TDY4XCmu4wWesnA6,0,2,398763
1AhgVCixd9QGoDLriZozhZxQy6NSFyVwQA,0,2,398762
1jkpSbQTAV7yx7RHGZBMrXe82KQa6RLa3,0,2,398756
1ATSHAfqWDohPhaABk1RCZbUpBXvmqLj4i,0,2,398748
136rHcn6x86P929U4crAJkTuAZZsQCyQti,0,2,398737
1AUsPjyLiTkHxrDia9LeqzzHfPioyZsGBy,0,2,398730
1ypfboy3pwtRm1vJBBx9FMjuU76E2gxQU,0,2,398730
1BLe5PzR7FuuNgN487ucUiBcikWqpwZ3fs,0,2,398725
1KTwE1utAJFhfMa6ARtDqZWeJx58eAacLN,0,2,398725
1DS8vYsHq77ggXh1H2JCHUJnMjpeuBzMP8,0,2,398702
1NHangA88mFGQzb4fYybotJ1E4RR5FELo2,0,2,398702
14p2WxuSMsGQN7gaQ9RJMhMYnxP8RaxepJ,0,2,398686
19ifx3m6u7qJ52cwBtcduKhcuETxpXdLMb,0,2,398686
1DPf2fK8Mtsw52oUVh2Rhyj3db6VGUUGxv,0,2,398686
13p39T1gNfjP9A6qw3w3cPvB7u2fYDHtq4,0,2,398682
15zXVp4FknTYP7GQsLdUWdh5WHonkxsDJW,0,2,398675
15NJwhdAEoRYmB2JCe2568Sdso3hvXHmR8,0,2,398669
1MBFxKd3M1qjM4HcWU6oeuti1AADJwyGqF,0,2,398665
15CvYgtzV51m1bNd3MrShcnHapra4ma6XC,0,2,398663
15HC67wvDc6Nqckvu48hDoZYd4XU1YkDZT,0,2,398663
14dcThMHZxEa8UaT2U6axPx6uxYHrF4V7d,0,2,398656
1CDWXqGvxGXmxB6eE2v6Cr8ioVbpRx7w2H,0,2,398644
1DZWwuLxRxmFXjKYUaDmifZEYZwo6Xf7Ar,0,2,398644
1PR9cdcgo3Ywq73C6W1p4NLUaFaRsPnZau,0,2,398626
12bGCGgUqkccgnWWWW5zWhLD9AaYD5KVzg,0,2,398621
15S7hhZr79h51kDqEYe172LXcUo4CozvSK,0,2,398621
1Pg2NVQxE9RYjpUJKJsKZrZd5y9RwS3xjG,0,2,398614
157hCDeu4hMxmABcfqXWLj72Z7cq8u17dV,0,2,398610
1FsmqUagPrncPzVBaioFZPsWCKLpAn8FLw,0,2,398600
1L2AaLMJBTrxHgTLfPLz3SW1TMKW6nrGAm,0,2,398600
18rVJJz4X2H6f9pZ6vVLmDr7YsBziBzGhM,0,2,398599
139BC4vrb29WfmtnthjraDDR5UfgXS69tK,0,2,398593
1569sRHRmnXQcroBVN9xLY5ygPwVw6fa6p,0,2,398593
1BMqAmewWX3to5BNH8t7GGJQN1HQ3URK37,0,2,398593
198WFZKggWEPGMAG3igZxK11H7vwWxJrKV,0,2,398585
1J5Bh6pUifKGU4JUac9iHMo4WyrEr6MxVa,0,2,398582
14nkHaXhHzCmtxq88RUEAEbeSNBhoggTqu,0,2,398575
12Qn6zwbW46uC8YKkGz25ZmFrXJhkmch3z,0,2,398570
11d17SGG28V9K5zUEqCMeU2KnwVpk6Gvj,0,2,398569
1Daq3F9po2hBJMneYMtXe7PBREVoDpCEKt,0,2,398569
183TY7NR6PdtGVx5FaX4NGVspgS1Tb7zqi,0,2,398554
143rGJaZznXdCT9xhzY7B8jrBCBs4EoYMf,0,2,398492
133XsqKvtmWXn3GVLYptFbKy9ytFa865wH,0,2,398486
1Er5igFW5ySVgmZajnpUAVepqgN6rheCTe,0,2,398486
1FnE76eEDoPWgXiqetaTuWVEMB2ZPFPcGR,0,2,398486
1Mdyrzrhd9gRPr5LmMqW6hb1D6thhUFCAG,0,2,398486
1NnfuYAm1YSbuSeAD4hdBVcYK67p4wKczV,0,2,398486
1DKQSWVFom3LsF6MrNCAPKEQp19Yk2iuf3,0,2,398479
1Fg6wbhe491KtXRrtdxNPPqn8bg9cqze8n,0,2,398479
1KhThLMmvxuCu6ExH99saD9TjBuDjsqzUt,0,2,398479
13i5fSNtoBDUAU16dfVskzb262gRFaUuii,0,2,398451
14PCnCmGuedGpfbQe3nZm8xdGEUbuQKKDt,0,2,398439
1JctjuzuicsVkXNme8dWEBo7KnvabadvrJ,0,2,398439
1Lo8CgWPECp788Xk5yAHfJBZAonRvU4rk2,0,2,398439
1J79DARQx69WwoZrEMSHwHRAcipZd3vGoV,0,2,398438
