"#Wallet McxNOW.com (00019ab45dcfcecd), page 1 from 355, addresses 1-100. Updated to block 724491 (2022-02-22 19:00:36 UTC). Source: WalletExplorer.com"
address,balance,incoming txs,last used in block
12uP57F6k2rSm6Esyck52FYTmeDChvg4Jn,0.10455602034926,273,393952
17fwNZMukaSN57ffkfwpUcHB4amZpvgBUU,0.010000001639128,3,397494
1M91MoYTXEY9PWDuCX2m9fRCU7ic6YGanr,0.010000001639128,2,468146
18zUwe9kR7AT9KY9c6NWTyyBhGh3VMoWue,0.0053698383271694,5,397520
148S8Z3PDRX5ZKsp1Uq73QSiVRN4KFqgEi,0.0052310712635517,2,357526
1AunGDoaz65TPEpp7PTwhbu8Xz97eMid2r,0.002420000731945,2,506565
147hBPnxk6BoozAfctLzPWr3CxQJsCtmi8,0.0013104490935802,23,393952
1AHz3HUx2xXYwcao2DJV2Ykex6qL7gKx3D,0.0012680515646935,46,609418
14bTL5eBmVGwJ96ARMh3o3uLdZndCj6swK,0.0011701211333275,13,393952
154fEwy6EALR8PgNjabKrUutj42WvwYP8F,0.0010161586105824,11,447004
16mKBo47tPR2Vd2B9D7b6vg4X36BYVKsmh,0.00077560171484947,14,447002
13fFxn9rAkoTndABuWLJLe31XzRyjbARot,0.00050000101327896,3,499504
1PXtTN1BFSq5ntCbTTLsf99znsahf5mYaY,0.00030738860368729,145,397696
1NWt7byd2vq8xJnYkaWVAhbAW35esKmtf4,0.00020596012473106,14,393952
1D2hZryebKHEfH349GTqFXreiF1RjApgnG,0.00013234838843346,23,344337
1Dd18fCRCFztoY1jGFPq7QTmpXSNS8AWck,0.00010000169277191,44,397696
1JiXr5Gud6Z8xnRUyMqxSbjCXbnT5e17t1,2.9802322387695E-8,8,475099
17jQPP3W7sCpBcxQvv68HuHstTW248EBDu,2.9802322387695E-8,4,475109
1G17pW5RrVUDksgSx983mNgPptaRxiYMdg,1.862645149231E-8,336,475141
1BLf41NdjpgCLVN3NVgds3wwVguLegjaBo,1.862645149231E-8,55,475104
18V85AvSdXZ4bijx39xx7tj7yRZbFRPPBN,1.862645149231E-8,49,475099
1Mhk5aKnE6jN7yafQXCdDDm8T9Qoy2sTqS,1.862645149231E-8,46,475141
1Ltx9PNUsdtdx7ybMrf65Jo33CsqV41k2h,1.862645149231E-8,40,475099
163VjjG7DC4W1FPaL2qsfdy5jypjRjFW7u,1.862645149231E-8,29,460131
16NksGY6qTKBSxGJw1wRTt8oThCEMUfNwq,1.862645149231E-8,29,460131
1LrvHAjxvpLyU5Vypuq6vVGTDMLZ6LWN4G,1.862645149231E-8,29,362085
14zduSxiCHrhvuyL62UiSBQZ1MfbRexxiy,1.862645149231E-8,28,475141
1LfkkS1b9iRDb4ZFE7JokvGgswr48cdjEW,1.862645149231E-8,26,475099
1GAHvjQwHAuyitbTFv4rXmnBxt9B9cfrxW,1.862645149231E-8,21,475104
1Ga72rUfEEWbVEmFVf3bYGNf5xXSuoANMf,1.862645149231E-8,19,475141
1PqvqY9U6mpyGddDKfiAnWXwurvq7uhs9H,1.862645149231E-8,19,475104
1BybHjNi8rbrG6WZCArWWyDsW5yhagKmx3,1.862645149231E-8,17,460131
15BExYeHcHCRMuLDjApWbf6TWAxhfmA5fv,1.862645149231E-8,16,461183
1BLJ8Yjs1zUP8jWadiWqUZZQh6ELKUGnaw,1.862645149231E-8,15,475104
1LAtPsoEE87cxArjJ6jPo2HUaypPRahWGn,1.862645149231E-8,14,460002
15vPEx2JysX5QeeXBXzqRgXKsdFFAXfdu8,1.862645149231E-8,11,460003
1PiN9uDxXTfVZj9qsymi2492wVoggrDe2P,1.862645149231E-8,11,460003
16qjrPzauLem4e2Vt5xupvGQhnrmDdm3jQ,1.862645149231E-8,10,475141
16FCMLYKwfRc3F86m9L55L4WrBmsjJ5WDG,1.862645149231E-8,9,475141
1CAL6MeJBspjrbZv7RJRqG3s2x42xQapXj,1.862645149231E-8,9,475109
17jRcgE12xguKGUHkgHpt2tMB3WCGYxcWd,1.862645149231E-8,7,475109
12KuEdWtEnehFocAAnL6b1uChyVRSWrSHE,1.862645149231E-8,7,475059
1E95Bw2cvkgicrff4YaCM7kirJGcXzRkTp,1.862645149231E-8,7,460136
1MBbT3ttg7QajCcWiiE283pwVsf2E7KuGc,1.862645149231E-8,7,460136
17oE6SBuTqab1u293wSKSybbpguXfEi4TQ,1.862645149231E-8,6,475141
18NzsoX89KRgfgbbasd42LRYQqZ7rBjwTv,1.862645149231E-8,6,359204
1Cj4gg9NqVJmNvEWor6opWdCUqd1sCtksD,1.862645149231E-8,5,475109
12YLfT2g4vTSqHYK5TaNHscXhbhX3FKUZa,1.862645149231E-8,5,460136
14zCyBpMDdsKsnQTcERFobWFuJBm3XhVxJ,1.862645149231E-8,5,460036
15MBTKotHvgesUEoyTLdcBbv6EARqrPnpv,1.862645149231E-8,5,460003
13Kcre6jdJDS1zCP8E576ujXtz3MUhZFT6,1.862645149231E-8,4,475059
1D1yHkUK6tD8dTVnR65LhiJUDrxqRV3txm,1.862645149231E-8,4,461183
1X8RmwbsvTJxMK7mh4n38ruNJnvCPrbeQ,1.862645149231E-8,4,461183
1BjcVyXWAGhJem2J1YSdBncXfT1J4Bh16N,1.862645149231E-8,4,460136
1Mm1PTxHkmKKZSJq3HCvgCCbBUJNF7u7RX,1.862645149231E-8,4,458995
13UaFc6H8d7rK94AmgP96psEEMarr4MNgS,1.862645149231E-8,3,475109
1LA7uUc9tKKrdLb66wGD5X9ZhA8VjLbRy1,1.862645149231E-8,3,475109
1D7tLF6LQVFLgY6mAgsvLHmwUkkPe6u9hg,1.862645149231E-8,3,475104
1JNuLXn8FAQYoY7h7q1fzt3s4NCjjP8mcR,1.862645149231E-8,3,475104
1PXAVWrFtKj4QPvFShcAN4GNHAUAsjBD4J,1.862645149231E-8,3,475104
1MZnQj8BZX5djy2z3Wievd3fWBpT9cUtKo,1.862645149231E-8,3,475099
1Pa27AZ2BYBgZ3a8xGahshtxovvs5PH7cP,1.862645149231E-8,3,475099
1LZbVVMT9HNF8mvhD5MRQrakqUJaaLRy8i,1.862645149231E-8,3,460136
19jCb9pnKbN2AELbSbXh1ezniseJ5TEgcn,1.862645149231E-8,3,460131
1DMJFuXiQrA8ExRw6rc3HqtoqLXZ8LYT1o,1.862645149231E-8,3,460131
1P2xempixEQPWqx3kCMrScHQub9XfwvYsP,1.862645149231E-8,3,460003
1CKsnehr8jeiRnzT41pwBCAwdjGL5Wb62v,1.862645149231E-8,3,359148
1JmLcsr6pUbpWFggxTAzNzK5YHMtWtDrTr,1.1175870895386E-8,56,475099
1HbhQvRZtju8HaJL4Hxmr4E24dcSs5kmVX,1.1175870895386E-8,53,475120
16iX6g26kJbsLFAnjeZizD3T1zD2zw38Mk,1.1175870895386E-8,39,358488
1TWobRTmyQeAsu4HJme2VaZY2iBxNjn8F,1.1175870895386E-8,37,393952
19vQs6LVPBtQ6cymJU2VxxDtEUDjhfHqHb,1.1175870895386E-8,20,459047
19daJtSHFtp2Xn5gmXHabEns1abbQNhEG1,1.1175870895386E-8,19,475141
1PcXBcGDTpPkznjcC5eYQE7nw8uA7JrS1X,1.1175870895386E-8,19,475120
14Zjf1jeNk4AG9SqqhYxrRMj3a5H9CUEbY,1.1175870895386E-8,19,460136
1G2N31hjSfm49YfL1wgBQYTFdBdgBqHxpw,1.1175870895386E-8,16,475141
1HCwDaepBNWUE3q2RiTq1CuXRntWZEKj9j,1.1175870895386E-8,15,475104
1EKqBwMeqxEWESbeE2D8PGFAKBXcNyRNea,1.1175870895386E-8,14,460002
1JZeqMUBxLNNuyijJDqqYu8YYAZpNcpats,1.1175870895386E-8,11,475141
1LQnY3iknCx5GdDVEmrfig7XGHSvEuPjgQ,1.1175870895386E-8,10,475141
14NKvRaGZzDfH9mKhS6Ygy9bkkq4DExymj,1.1175870895386E-8,10,460150
1PgXLZHD6NzkWL1TQHZe7HxpHGVLJaXKxK,1.1175870895386E-8,9,475141
1NTRFWTXAMq6KjqMGSTmYttDHekMP8K9vt,1.1175870895386E-8,9,460136
13LP9R7cM9q9jHvYGqbt4QP2WxQnLV8WTp,1.1175870895386E-8,7,475120
1BqqAjkkUsZMUKkiW3tP34GBEQ6t87VVt9,1.1175870895386E-8,7,460131
1PZ4pzjp1NFZ48Qw4ZRLnM3gkp6n47m68G,1.1175870895386E-8,6,475120
1Cz48KT7YYAonZcVpPEFNYxW5NXw2TjhAN,1.1175870895386E-8,6,475109
13gyvmAM9zQqz2AzimVNsY26sFnPCXWzgG,1.1175870895386E-8,5,475104
1CWg6xG4mCMp52BAbq16V7nGefAqirvxmk,1.1175870895386E-8,5,393952
1FkssNySL7piL6XSizxfc71VcGRsRoHXws,1.1175870895386E-8,4,475099
18r92DHiuyHjwjD6NZFFNDUARrSiAiazWz,1.1175870895386E-8,4,460136
1EXhoqdt8VhF6GVbCPTQokmrzw8wG4Wdc7,1.1175870895386E-8,4,459178
17TSMzxdWpjCe8nx7Gxe9BtzNFvmQTwAiY,1.1175870895386E-8,3,475099
15rVPrNxoNA25Uha7ZgJunWMyFRDxZmAFD,1.1175870895386E-8,2,475120
195B8iuYiH79dJAbegj2Cde6nyCn9mcmft,1.1175870895386E-8,2,475120
1BzudMVjEYpw6DzQc7QTUp24wfb2EZQPEV,1.1175870895386E-8,2,475120
1L4frtSA65hEufWx4SZccBkDUYFS2xTWvs,1.1175870895386E-8,2,475120
13jqZC4fKRkLRgzpLtz2w4JyNohdmnEU6W,1.1175870895386E-8,2,475109
1JriPnb6xXfE2F2NoXzjiY3Reba7EEnQzS,1.1175870895386E-8,2,475109
15Qq2wE6nq1SwwnB1SdNcmpdkhEezBYaqb,1.1175870895386E-8,2,475104
