"#Wallet MiddleEarthMarketplace (000041317dfea6fd), page 1 from 342, addresses 1-100. Updated to block 724491 (2022-02-22 19:00:36 UTC). Source: WalletExplorer.com"
address,balance,incoming txs,last used in block
14iCxQLAGWJMeMkQvrX1XxCq75HA22GJBZ,0.0022029802203178,2,388911
1mh4wJ4L8mec2UK1jgpzMQCHCuGWkAw6f,0.00099946931004524,2,397246
16GS8f3ry37ktc9RYh12SHgLNN3QbxjXd7,0.00010000169277191,3,551895
17XrjkKUtvqYPwCceXbPtHH2WK3Fbu2ynB,0,104,375352
19uoeXsED6HyCYWDe49Zh1PneThC68osdo,0,76,380868
16ZiaVCzq8whx5LU9yiFcqdB3fJsjrhqgw,0,68,378548
1CkK2Sn93jE5QbVCpjoRHVvqbtFCUbWZBT,0,62,381475
14bWNn5FPkf3HT9ufFTz5chdrkoc1EWXvL,0,62,372433
19FH5EKBFUU3g3nRxyjXLF8A3AuDLizFfH,0,54,382136
1GLN9CnzjZPvq8eD5AmhgJD9PFyUnbCcKF,0,54,381283
1EMyB38DSx3CXfhRpEfhXNZ6CkVWbmuDrH,0,53,364372
1CrBvFNT2GUckTC7FPZsxNABBc6AT4kHJv,0,51,377280
19HU3uEJn9ndq7a2U2yygJToDMcXjnL5c3,0,44,382197
1Ggi9xdJ38777qyuLTa2SZCAqePF9nCeDW,0,43,380477
1FRLwACJ8bFwXTmpqxrWVz2LVzpdPtEcHP,0,41,381890
12CvaMfcTVokTENA2wiZs6QYkG7QygxAVH,0,40,381574
16f1ryX9odrfUGAmkKRoSAWvUtEVDhsFpp,0,39,382136
14iBMGMkkaxPjVnkCLo7T7fkt1ADU9kefg,0,39,381940
16MDGhfuwWZ8A9oA7S4x3TyPpftHYyDkAo,0,38,382377
1BtQB9dRzC5dCi5yPrxqMxAtXsP7zAAXRp,0,38,381691
18ZN9AbsyBGm8mhD7GvikFkSJgKZmjf6yS,0,38,380551
1HbHWGE2etf7ybEwqJgdPKd49tHYoCBKBe,0,37,380815
1NiFM5iZrkuJw6yuhnca47NsnJ9acrbmBu,0,36,382466
1McV3FJxkPu9GdVsEJCbzKvZbbWu9HEvUh,0,36,382103
16jwERH5JuuVXYLoNzhCN6BZEeoHwyTufZ,0,36,381706
1GarCsswgzYuwMh9AgVw99y26nZEzwnoyH,0,36,381683
17kN64uFqgcCcHnDRzwyad7tCS3kos3nkM,0,36,380248
1MMS3qgvuRLevGrnrsPZwcg5hj8ovLGPpy,0,35,382466
1HG4dw1mWGLbodu8xaAmHbwUHdtSDcXJCW,0,35,382155
1CMJowffgvXsNwNDzmKv5eEjvhcMncBHzv,0,35,382042
1ELzHscPPJZeEsA18BvtUmXHX1s9EfjBq9,0,35,381726
13BCnQtbWYvsfwKv24g9uEoo6TE2sFPbyg,0,35,381692
18Yz39P8CcnzkiHjL1Zabgoks3Z1HP2uRp,0,35,381502
16ciEFudAiiH4Z1Lbhk9JGsH9k6RH7iRnZ,0,35,381140
1Br4uG8yrKVsdFHp8m8v65xscMwmu8H6KM,0,35,380788
1PXzCsxK2mSWbzWrtFkrcbjwUJ3usbnHqX,0,35,380758
1Dt8ksa4im8JK6QYWH1J42mtuQteShxFfk,0,35,380551
1CCpx6CrS7h4z4oJUKZojzsFocSc81Efv1,0,35,377928
1NP2YHrtuvoBobFeRMP7naE4j3XjcEJSUS,0,34,383702
12JftJqVJ3J136C8tbx1UnacwLiZtavjRg,0,34,382357
15wh2YVW4UMpvPt5tFGhjDB9ekd3h3ZN3s,0,34,381628
19aPefrgijTya8TLTmZqUVVhSA8zpqKEfj,0,34,381284
1JDK3rkGiw3WnSSrQNnAmbrpsGX6HwZgnJ,0,34,380529
1MN9etcr6YbkHx5qzvGP8KUYAyRqfRcGYs,0,34,379132
1GCYGjdG9g4JpvNoKyEs571C7PY3A6jAfe,0,33,382466
14AaCQqwcCW7NWUayEZfy4ZWYXJEA8Fvaw,0,33,382155
18mbkdH25VCce1QG8QjnMmjtZKkgjMmiv8,0,33,382155
1CDc1bBWfhnGGFgvhYBsrDx6tz4wMuHBBc,0,33,382118
19Vm8X4Nt1X6RVzBCScB8PTic1kBa5ehcU,0,33,382103
1NvyhhmNawZ9nGTQnd3poYtH8tDNDgeeU5,0,33,382103
1HLver8QVpEem2oYxCqwFmQL378uPCaTqp,0,33,381899
1JnDGLmz7cXjATkRxugjbrnHWPvHD4KKVY,0,33,381885
1LzGNm1iHR8r9gSF1B2h7J7zewA1fZbBAP,0,33,381866
1B3Hp5yf3vqpf591NCBUSGAYcWJ1xHbwpT,0,33,381850
1586KKk9aRtnAVuMSdAJvSrGPWSSgrvGTE,0,33,381739
1CHqNXbqe7iAZ2HB7sZbKjgJeQkErysRLS,0,33,381708
1CapeqocoBSj4RrxCqw944L8kaW3Rsz2GB,0,33,381607
1CLyzEzZpfS7ydo938TfhxVjwrV2P261LB,0,33,381571
1HaoSkffYAsiDZAAoTLqP2XcDhZ49kV3Hm,0,33,381092
13xn2zXXeTPjcXNfmzbFTtv4wWwQ7EK9gq,0,33,379921
14z91f4KvKuVijYfehqmCmznaRvcPvzWUC,0,32,382466
13upoiogvzBtyDS9M7iSbQurdRMaMaESj9,0,32,382420
19M96s515mNDe6NHf67XNpcA9MQhK7sy7u,0,32,382410
16THsR3mWaXjsQsR3mkKPfCvoy238rHezt,0,32,382402
1veLiss3PsFtHRmHCKfnaNrYXK24itHeX,0,32,382155
1DUy1nUkCGvcmHTcRzzx4HwJVbAW7dJmAm,0,32,382103
1DxvSyTdSQS81Qx2FGg3bLBhXLVadxoXdZ,0,32,381905
15BeYfdyzL2cXHriuwc3qCrqzAqPxKrTgW,0,32,381856
1QFbN8PazqKzLdBvEqByiv9Kdni2JUHPU3,0,32,381794
15gtD8ckC34J1mYGABUYdHELfWeoWEYk9K,0,32,381738
1HZRmUQC43DYXRYEiHWZVywjkXET6QJbDZ,0,32,381654
1FqcxoJ3bHUyXPHfDfdcvDAzFzp5wND1bo,0,32,381635
1FewDivg6Cfby4TYzJX3zhWA7LLb862dJJ,0,32,381541
1FYgnhj2CU31nsDzuhpnUmz2vP8xdDGMk4,0,32,381512
1KmV4Y67TsL4PFTgbdryjV2LthRsR4oVi5,0,32,381348
16nsqkdaiLLNQd9jcbhQDZXztivpYLZWBB,0,32,381242
12QjkUWpqSZ2yfw5PEdyKzVE4eiCq6ENhU,0,32,381129
1FtMFcu3FQ81ebdQvhpwBspViW3QmjskgN,0,32,380852
1Pf57T81LgmL9tP5jHMPFxajUdkjqjnziy,0,32,380831
1BaGBMAu78DfVe7g68eb74HLmogDrKEkh8,0,32,380806
13qemCaiBFA1qChaM6MrLF3j7R1Uwkcv1s,0,32,380805
1655KQa3CvYNap4146z3j1c33nutFXQJr1,0,32,380532
1CPMu6rtbDydSYt7HuroHMoWy9kBEfg61w,0,32,380097
1o9kMcUtz1yuaQgfkWmGUE6Ffdqdm4itg,0,32,380078
1HYbybqHpG4fP7qsTyTj3P5t3HFimvTURi,0,32,379891
1Jb1UAEqqTZVY3ehCdqrF5bW3rVWSbNdN6,0,32,379801
1EtCaWrc3zj6Acm8u8Z3Wzgo4MPuQ4emKL,0,32,361060
1B82cWqE4S1KASQxcSCahDDdwk34Ns2WeX,0,32,339700
136zrYCbb2Xj3QdXprmpHoz7iLFc8oc5pw,0,31,382466
16ioMQf8yag4Mccnw3hUp7xsRBT3AiN66f,0,31,382466
1GB8YmUXqFeRLibJbiCrYAV2CMRPxBYxFF,0,31,382466
1KZ9hsVbrueUHXGcqV1JarWToHdn6fqrfM,0,31,382466
1LwCbgM3u28zv2mwqYbvuD3xik7hWqy5uX,0,31,382466
1BZzcFhUMDURemcAFLZUpBzgs7eYH4zbM,0,31,382428
1ARkGpQ7e81h5kYFuUdiDcMF4TNszxdWSV,0,31,382410
1D2he4i6ceTFBigFJeq2Mbf6Lyuwtvgdnc,0,31,382410
1A1ZkfWXjv9ubTMmNWnMEye9sdx1XL6URa,0,31,382396
15GEfFf3zozVWd1gYJhXiytgtMybZeYgeg,0,31,382314
16btwp4vHpi2tow8yAgFf6zwpGupdiqJS2,0,31,382103
1L1H7qv2F2F6mCynLSt24mL5GtxdjJha9Q,0,31,382103
