"#Wallet SilkRoad2Market (00000bfdb5d7ed34), page 1 from 3501, addresses 1-100. Updated to block 724491 (2022-02-22 19:00:36 UTC). Source: WalletExplorer.com"
address,balance,incoming txs,last used in block
1EA6tGjycMvfzJYcfZuHQXEtq16U89WLBm,9.5249999985099,3,310646
1AwZjJLcPhnhKgZFimv5a366yr9peeJhZB,6.4776650182903,23,320065
14ZGseWPvZiCcYLyVPKSjrRtgbstNiZQhK,5.1761800013483,3,305192
1JPs86A2grVLhPGUu5GqXXb4jhBfgrjFRX,4.3759999983013,4,305444
17mMwHxC1qPWo4qXSq5M3D34M7GLAZKBqL,3.8150166682899,4,311849
1JzkTUkXALKVTSZ9y6ut9JZmKWQFbSnV65,3.8011999987066,8,306302
1FHMTWgmKJH1gcFQ2gPU3nXDZ4moFMnZWx,3.7077997997403,9,311829
1AHvF2536RV93pj5fQ3StFZLy235pTuPuB,3.2595000006258,20,368130
184mwRpCNrnS3pfhsEsqFzHMUTN3z5meAW,2.929999999702,5,303948
14FR33ZFarWZpfpRnu5iU24w3hYSPo71UP,2.8000000007451,8,309540
14uq7Gw6RXbtKT1cPTk74v6JtvSM561dvx,2.665300000459,10,321210
1JT8pkdKcDFwKMfYE8mVL3wiybH4m5z5Zq,2.4499999992549,5,307654
16SqUtauytQfTziJugSPYgsH9C4JuAktbh,2.390000000596,2,304057
1HJGgbiugfGrP37LeduuWbA7iYxcuB5NBb,2.2600000016391,5,304920
1NZKHXKASyP1nJ8Uh77DHZNpdML2eWVMSL,2.2276883386075,10,311978
1BTHQ5gzRwpWbb9bGsMK668S1qogaGt8TQ,2.2219999991357,2,304960
1MrxbFZKNbY6bPYhDPF8CyetUuC2HGd2LC,2.1457134112716,8,325466
15MxrThpgBQf4nk4twVyjkcZwoHr5SJGmM,2.0459666699171,7,305333
18CzbwXbekCbyXH5mstQsWD4mV9cjd85LY,2,4,305314
14oPiGmfMxBACU5vXbkE9V2BJ7Kv5fVpb2,2,3,305314
1HmTPidJkvK4xFgr4srKAY6etKZZMFTVXJ,1.5799999982119,4,304025
1GFtSfdpX5ZHULaoMrLST2Kqyq75vA3S5H,1.4676938690245,3,305417
1AvtgYvhhdgpimeKX21jmGcjDsKdrbdZJn,1.464999999851,4,305314
1QCXhRuXc8Mrwp815ikH9czVPfp2UeUzs1,1.4290000014007,3,315809
19UkqvwCKRbqXSZ2LaBaBdg4E1naWiAtr2,1.293636880815,2,303960
1DSeJUuMA9oj8h9NEoFRS8QFhoMRnZxQgf,1.2267478182912,6,353104
1NuACeWiaUDZajWkTHZvMjyfCBrVap4Wzd,1.2199000008404,3,303401
1H3wsHRnABNAnBJrCXPoB1hpnkiimwtNa2,1.2019999995828,4,304587
1FRy8urmGW8shC2aVMkJaWCzyNE4wyvRV9,1.1999999992549,4,305446
1B4UXU8rRvEj1rWeQFAsbBiez9G15942gW,1.1005299985409,19,368086
1LEf5XBUADzUtyys5VpMFwFQ7k77FLJqbP,1.0959206111729,6,313194
18nkwdASZPn1EhfngwLk71qFwbPPDmyo7s,1.0863699987531,4,304120
18fJppsUXm7uLWe4muCputLU328bBG5ZTT,1.0828128010035,2,303348
1CP2xQkzXggxtFGhTsmCUm6Yxy1TdnRHas,1.0570399984717,4,304535
13v9nU6xpJMt9dUGgGa7U67MM76mBJdfEH,1.0172000005841,3,305722
12SpKWrZvN7UgoSLFc61cNfTbp9kwyge7D,1,2,305358
17nkxCQo8j9ETBFi3nV7gzwxde1FLCSZfD,0.99010000005364,2,303348
1Jj36i6PSwCwTYLRnvpoyaRPBHaSNhAv5m,0.97732000052929,3,304440
1AuGMmaQ3Ya4UqSFdejxouMohdugP16piL,0.95899999886751,2,304386
1AUgEu1GD19PDQtjc8LGQsuxtULiGKWoz1,0.94999999925494,2,305314
1KCuL2VYbZoMhxT8AubsXELog7zQUZQDxS,0.8804299607873,4,304000
1DtEqUwjdpGX9mZobAyJuaCbMV5AZruJbN,0.83756000176072,3,306043
12NgVa1WMjv8JwTPNHapdeRw4vKCp8CMjD,0.81064904853702,8,305567
16cLaKe9Fu65eyxH6TcEJrk1ZG8JeuhLoM,0.80757125839591,3,306348
1Np3RhXDF7fSP5UYz5gNQC9n3zjcvmn8tq,0.80156667158008,3,303835
1GyiQWzZR91HLQ1DiP3YiwHMYVtdZX9a9t,0.79989999905229,4,304520
1g16mSffkooY2uk3oeySvoyZ78UvHpYg6,0.79159000143409,2,305201
1Vs6Gn6MPfzg8BqwBfhhaqZW4hYCRuWoh,0.78959999978542,6,305451
1AMWxiuKvABckgKk6jnwKhk8dSwkmvfw4Q,0.78795000165701,3,303823
1NonJLkv95EBHyx44nCKQRoGjSMJHj5Vq5,0.76429327949882,2,304485
1Ckau6UUdhUrJGsTeoYS45YZ9RRjD6hCcw,0.7390000000596,3,304898
1DneHKeECMxHcHFKNrf4zNkHBZpC4Z5ZzL,0.73660000041127,5,304271
1BzXABFPYBjeGwMcrtL3XF4WrQBcsby7gB,0.7309999987483,2,304372
1GF1CphsaVeFWYxzp93H5QvGwzBbW4uq6m,0.72247363999486,12,304981
1K1SkjeNjdqga9CgtzgV2PhFEXVWLkb7xg,0.71589500084519,7,304782
1EBE2JUvWtfPKwu2nsgzuwuK2GZU7ANxJ1,0.71008788049221,3,305100
19gVHF6jzhdBJ31tVrFEDuP6t1xBNFaZVC,0.69999999925494,2,303557
16NdwchPwCDbrgTsmAT2YBFx9HaFEKHTaa,0.69996666908264,2,305005
16WjJAA9WYNhtTdHBdApRk41HdQbVn47yW,0.69810000061989,7,368132
1HUvQFRAiWesivDgLvBVYUyUaHoxxHRX6w,0.69440000131726,2,303348
1Jnsyox4XBgd68sQRVVHf1SNdTFjoR6cVg,0.6900000013411,2,305026
1JFhpQRMHprBnU98RBhu2v2eWvK3eHRTUu,0.68699999898672,6,304386
1CWdhMa86QYz4a67AZBAKFypCwEFALYoy,0.67500000074506,6,317576
16FxXBtM3wp6cK3XzdUfDVSw5T8Xp2vd6x,0.66714999824762,8,304186
1hCrhDX2AP6x8g81vGzaGRneMTrmyFh9n,0.65069999918342,5,304894
1FwexcmTb14zThHee9B7v4MmveE9A4Kkfe,0.65010000020266,6,368132
1HWFfAZPD9FG3DDytamRPPB87CRMFehn9w,0.62770000100136,3,304121
1E3iB8xk5eMzgRrnKPofa4vBdtGy2WJKPp,0.62105569988489,12,323264
14xHC9eTCKGoZDdPB4KytHLu2hKTVYJATi,0.62084807083011,4,303731
173aTQm3aYWbZHeJDTQohzZfneNmJ7zbRS,0.6042999997735,7,304947
1NuCjonhEVgXBVUEzZpPcRFa1byDfAxoQm,0.60000000149012,5,304278
1AoVw8PZaM62CJhoC98fL5xTMHoMz3DMfr,0.59997966885567,5,304477
17A5Tvta5NxZoXPpurvK21uuUdFGkM6cRe,0.56588162109256,8,305937
12X1JCchgnyRvbFPbnaUYkKz8dmr9yKSak,0.56301515176892,5,312284
19BKi6uxUkKfKb6f14DKRX43untwg2wrjt,0.55000000074506,2,304303
1Gjn5fzLBrnhuTvS6BiNcw33FssMggpQk8,0.54242154955864,3,309210
15DxVdXMyTkSuPtC7u7YLiaU8d7sfugQeX,0.53571429103613,2,305968
1BRbSYKnYsq6XQCkPdq4sBWf73VJVjMX2t,0.53400000184774,5,304622
12uPckZRcRiJTi9SyA3Qjo8c1ZnUEN6KN6,0.53000000119209,2,304221
184jcqqqM3FEGNmSkPQv5RppHHTCnEWWsd,0.5033967718482,49,302928
1DW6oBzohA8x24hLAp97k6z5RVmupragGf,0.50265159830451,2,304242
18BYGb5irWzVSagYUsg5ZGRqUzVLPLianw,0.5,7,304846
16hX2NkaDmei4bb1aM4MWT4PtTHx8hEJfF,0.5,3,305001
1KB7gAmyWrYCbCNTvHLUwbLW1Tzy1ZQf1o,0.5,2,307395
12kqmdLqaAgKgE16rjdw5ooWDwEt4k6vvo,0.5,2,304578
12bNRR5J4TuYrdwdes3UkJMFsada52PQ3x,0.5,2,303349
1DxDC57U2ityQfkJpWPkRvud9qeEKdc2Yc,0.49989999830723,3,303457
1B52EW5BumK5Q7kj4cQNbsxmxbFW9ukNfb,0.49855000153184,3,305542
1FK9AqVJXx3MNSTQ9Eru5gk7Rg3cv4RA9G,0.48437619954348,3,305348
16AnLggXakPPsTrXU17ZJqLa9e5v6Bh7S5,0.48319900035858,2,303348
1F6r9JjLXjjGBeUvZHD8HeT11HViVCQgqX,0.48081237077713,6,304952
16LxVKR5WE4U6YNnuHmnJG1s8i16McfcV9,0.47470000013709,5,304532
16QymYiFtNUSL4HdJnH3S92pFeQwpK1ALW,0.47225999832153,6,306188
1Psasj5boUZZHH2oqLijr9E21RvpeHf5rq,0.4698360003531,2,309385
17H7M3XcVocjeHuKRF526CUWDqD8rcw8mw,0.46486350148916,10,305348
1N3nHaxD4vEWHCj537wpNJGUxn9n3zsjZn,0.4400000013411,3,304064
1FQWZ87ppZnX49UYDmnjeKNJbq6bHWuvWu,0.43420999869704,3,307311
12PvjDmKcQ1BGQjMTzh977do61MHnYEtTR,0.43400000035763,2,303346
12jfjYxYPAw5edza2ZvcvneAzi1GrPcFj9,0.4281666688621,6,304825
1FTedXRVQ6gY6aNppxAjRFxA156xXm7PTL,0.42500000074506,5,303670
