"#Wallet SilkRoadMarketplace (000006f003f6a22c), page 1 from 3728, addresses 1-100. Updated to block 724491 (2022-02-22 19:00:36 UTC). Source: WalletExplorer.com"
address,balance,incoming txs,last used in block
1MUJCp8GunFnzKYt17Z4yerrpBWCCdTUyj,17.300000000745,4,265216
17cj8U6CKGmGk2fwCepcDeWgwQDJZDzU6T,8.8750099986792,15,261305
1PmyyGn4caGWeDiaS1kHhtVKQvpB9wfjBJ,7.6191000007093,5,261392
1KFsFbmuwwpoViLG3TVQLhZwND6Z7cZSsr,5.385480068624,4,261305
1PGdVruqd6qPdPmyCAFNshLpSh3uPTBuk1,3.6430577002466,5,368872
1NmZvJYRPGVrSbAKZLbsuyPj4zm15GoLxf,3.059100009501,22,322233
15nhwriPXwrhTMBp3QSdWHKZLjeCVnM1Ex,2.6399000100791,4,459178
14Cz3nPL9cRYJi2rhqx5T6X8q6ESYXxT1y,2.5575000010431,2,266694
1HFpmczYD1o9x34rxKzpVFaSazP1ysR2Gc,2.2020000182092,4,460150
19GKnWfAeu22zQESaFVJMHTgYTvdGz1EJG,2.1588946692646,4,474933
1K9FAiDwjw21XqE3Msj1wxu1VQFuZV2zdV,1.9600000008941,2,261289
1DHHnJYvor4s4rqJEXWcL3QztqcQhsPKtU,1.5298000015318,3,287608
1DmmpqsJhKeNw3iMGjR9myW7ZtmtctC3bt,1.2978999987245,5,261286
1DCawZuTZqtxRX7yCpGbXR96vWkEeo4WGb,1.0294408686459,5,261337
1Pmp2AnHsKiYeJrxaaQgjgKEPTGAUwuq8,1.0240000113845,3,475120
1CGdwDTEJURJ1zVTQ9Scmu4NEToGQW89iu,1.0025889985263,2,263946
1EGZQ7hayB35tH6mt3g6YXWxRD8VCKsnWu,1.0010000094771,36,460136
1EzoTxEMM8yXCUKDSohdNTULjGDnqjtg7P,1,16,296070
1QE6nbdYBxeaco6N2eKtdoBJsGkBNT3E63,1,3,261450
1BQCGQWZzHtPg8tExorjPq444V4Pcoycvo,1,2,261619
1NZRBy1HBXCBnNeUPHbmsMMQ5Ynjg8snQV,1,2,261301
1EfE6egspuG4kBXFL3YCGjDPCa8CxPWp7V,0.99989999830723,10,288581
12tdtFWma4Ju1QsZ7G2ZfPayySgGE2ik9q,0.86717800050974,2,261317
1CMhR9sUaoA1wN1zLRNFN83CdwVVBvVzSP,0.85282249003649,2,261282
1Hcba997WPLR5kZjXbhTTdgoDZhJa4wFAH,0.79430000111461,30,306080
1QEnHn9GrNh25HVC2ntaTxK4VmNfPVZML4,0.77859999984503,4,263557
1BmaQA1K5MWJsgeXgx9xE2Qup4aNZQr6Vt,0.765625,19,302924
16EzcPnu42u3i1suxsce6sHCAJ7y9vqsgY,0.75,7,263193
12s73B2seCbXdUSt6JMzevqy8JZmHD7oyh,0.74418959021568,7,266217
1C3aKGDXWSjYZYC7vNc9djbfqrmqBSCwkq,0.67220000177622,2,321077
18Pus9MbQrwcFuRUDFUTMiv9HLVMfBThNK,0.59400000050664,3,283235
13n7eWkNyXfvDgYAvC41Ak2EioN6eN6xzC,0.58999999985099,4,276947
1CQiErmibvpEGvCdQQT9h5cEhtbEVWZNCt,0.57609999924898,13,414928
12FLjzDe5qoVE6DgwfPWRjiwXttFnpTquB,0.55499999970198,5,268006
14V94yp9jYRsWy6gQPS2eeoSFq2Jt4tPiU,0.55000000074506,2,291732
1L6kQt8f9awVXnqqeL1DLpQ8kMD6ngydKx,0.54512504860759,3,261280
15fC4NwtBu7CRoP2YNE8aDt8NjWYxGsx5S,0.53999999910593,2,297717
1BA1FjTAm5Xb5c8XMGqJ377SSmDgSRgZWV,0.53777546063066,5,475109
1BhGLGGMnGYQopkW3gpbeXxfmMBHTF7x9x,0.51000000163913,2,261616
1Li5gF9kScc1qvDe4hNvCRdYK8texfKEGr,0.5,8,281922
18yK99Qmwtotfq72iZnfZWsH8EywpikCcE,0.5,7,285448
1LhPXFK6Rk3zFtyi4KswjnnTD7zC9yRgeU,0.5,5,368278
1Gfdd2xMWm2zFmva2sbT8qZTMpkR3T9m9R,0.5,5,262151
1Djyv24Wv7K2QPM9diPcSnyF97C7Ymzh8h,0.5,2,321484
1CQXqKz144NcW8gKzFPhGFB5vMCenKLDEN,0.5,2,269161
1LVdMiZ8MtF5XmQkuWaZbuCbJeBJJkMUEu,0.5,2,261282
1AMmwFzr2mEUGqNPyNfEvy3nHskRt8Xd3U,0.48000000044703,8,268012
1HNT9ocBJbjPdLscFhxzfChLgve8eaJEcD,0.47286267951131,4,270199
1C7QnvimKuoMbFQ6jruugLbAekmDSzM7BM,0.44430620968342,3,285124
1znk3BFpFQembmPfNgUvv6wTghKbYyLHt,0.43699999898672,5,313373
1P1A25X7NcbA181Vm9iwahnC7Q63QJQdzJ,0.42000000178814,28,269157
1625jwjEB1yJt3d5Y56avtAHLwkRrx5Poc,0.38610000163317,4,283396
1Lx2s5b22GsdcPGNL7JGM2rkTf6G9grJmH,0.3707999996841,2,261293
12c82JQqfRsvoYvmbyWYY2zAAUa9BYXhSo,0.37039858102798,10,357222
1EMVtdtMAXbmkRTWUuK2oyQZ6QZNYupcuo,0.36450000107288,11,288829
1BtQEQGNE9bPm16KWJ5ALhUZ46CvUW2Bqx,0.36434800177813,2,265997
1Bxg5zHbjgGxtqofrKWcdXk1LWvpjmnfvb,0.31790002062917,5,475141
1MHqCj2KKMp8F3D1dLTqX6msahy95Qtxnf,0.29008900001645,3,261276
1G8CPR9GfBAxakguPkfKRvWwucZHTMdMH5,0.28860000148416,2,261447
1M7HdoMCYZ4x8X2t6kFhgtHcCVdQRYwk3,0.27938000112772,2,261365
1LDPdkR2FYZqFxS8VLW6avVoQXma4YnZPt,0.26893514022231,2,261280
1KNoSkZqbyU66sTnvT3yTcBKuYogvZiFu9,0.25629999861121,7,285069
1HSdVEuwszUT1dJ5vEKWaoWxgT5Nax4Ph8,0.25609999895096,6,306597
1DjQhnM2XUdNDnMrJfxvYD9Xv5LPDcCi5F,0.25,4,310908
1Cg1HzWSJgoc3aGf9nmjMfuimDMawRMcoP,0.25,2,296100
1Bd8AEAiHjVvr5PYb1ghTnesou6BKg1mKQ,0.25,2,280363
1Kv3JpayLoAmZjYKfmD2G5trF1RLwj1BCa,0.24027239903808,3,346037
18kmyHnUJYVr6np3bcFQnntPiCKFZUxWsK,0.23999999836087,3,347170
19Z6zLDeJhNWEBm3kLG6xmmHuq5hV33Fh9,0.23688251897693,6,318771
13o8pJkjRC2WnoP1qig2pe7vyDUBLh4sSz,0.23299999907613,12,284140
1N2fjR7RJ7akq1rLre8BcX8gaPyzWS8vJe,0.23000000044703,5,326517
1Ajk4XXXj6pqpKyqMDQvbuuFzbaLxkhLvN,0.22599999979138,5,301442
1GA1uYcYsMc9RMT8UzFHdiRkBFJihsaBK4,0.22365000098944,33,270090
1Q8hz6FdxzEBGqnuYcp6ZpzPjscieawqq,0.21434000134468,2,322582
1BhmYM7JKLVvwuhCef2FYLiUJfx2DK2NFD,0.20843999832869,4,263951
1C2YxJKohvGSEsvp6cako8P7ydqeXGJUnw,0.20684665814042,32,266971
1MpQ3gKDx5NT3oS3o43QvEs63BbhzqjxNK,0.20499999821186,7,282898
142hMhDGBRxd4A14YD5r8PvLDjJR29BkU1,0.20245730131865,4,310438
1Au4R5k3v89zowViNcwMETKNkJb9aepadB,0.20129999890924,8,324511
16nE7TSgbTK7X1tydeqKGXHZs2TKWVoofA,0.19999999925494,3,347303
1KK5eHYsaogYNFrLQ5hhhDVTKzY2CSJVHt,0.19799999892712,4,281524
152EFUX7PJ9fHBopHvq2dkhcQKourMbBTk,0.1960199996829,23,281576
1EyKdAD3DGaSe2ML7E2sSJDC18kjEGafy9,0.1900000013411,3,290468
17twkP7ZCe5tN7ZQNvRNmyncK6wtaad9gB,0.18600000068545,2,280852
168SfqaxTnS2zHhmhuYqwkmxZW1ev1Pnnv,0.17850000038743,9,289131
14yZfqE4LaMbZMrZ3RqFNov5Bd5ABoaCsy,0.17667727172375,7,425958
17JRpyyJNoYKXysd5tWd1cGiiByNeogNCb,0.17083868011832,3,289913
1A3YVLatQt6uXDNKnXT2fghBzkg8GxLmB,0.16917674988508,2,282924
1AVE2D5Uon9yosKDCmApMLQGoMz8VXxfP,0.14999999850988,14,279584
18QyzN5zxqzzeoE5ZTWfSWhyA4jLtV7Mze,0.14999999850988,3,267430
1HSF4uHcsgbPNWMH1pWtrGS18EmyKG3tGB,0.14999999850988,3,261285
1Fpr8TaMwtFfaFjuf6vFfnHrWWTaE4Xhxh,0.1400000192225,5,475059
12EpyRUggDFwXr4u3QEkJLtptiTiHDrtcj,0.12999999895692,4,304030
1L8Wg5Ja4bA2LAPqKhcdDfmfRtn4Hu15Hd,0.10476189106703,18,297461
1GgxDdbNQz1tHgoTtKY9Z4819nuZATTFb3,0.10037223994732,3,273256
1DZNCsgd9BW7zfwj63A4yYKAGMCog6P7Eh,0.10000000149012,82,263415
16KryksQ23RkMbjM4HLwTiFEFN5DiMfKRw,0.10000000149012,81,268872
14bJ7tnvVLhxsFCT8RdveWu7DXGoe5wcRB,0.10000000149012,24,264787
17uNmHgy9GPRpJfPDfwebKr2rcNbb5HkNS,0.10000000149012,17,309822
1A1HXquqGTvTjm3YbtoWuqAQTw8CUXWaed,0.10000000149012,14,328702
