"#Wallet UpDown.BT (002919b0c90b04ed), page 1 from 7, addresses 1-100. Updated to block 724491 (2022-02-22 19:00:36 UTC). Source: WalletExplorer.com"
address,balance,incoming txs,last used in block
138oJEnZ392QwRQgVcTmSDEsgq6sNxdh6k,0.00021595135331154,825,624303
1FLSvSShiYHS8wypz1qGXkyHX4kVtmtsnf,0,16388,329340
1CyYaitjDnf579n7w7UMtEBWhMHnygtYAa,0,9069,474514
1Ms44T9PWUsSfrBibN9jLJqcJUbfpM689p,0,8728,474514
1BzS4jEuj9rtxWZGHGHX9khgFD46LuqUdU,0,8579,323072
16eoKoMGwGmzT5Xmoa8CLzyUUEeNzVrzkU,0,8443,323072
1DCPqmbJs9En4dRQ9jrpeEyd7kzXVpBHMP,0,8404,323072
16AxyGBRFQt1FETWtYNVGJFyv6udU6V3ER,0,8316,323072
1KmNqdNoxU9f1MscfqjRtutpoRTJkL1QWH,0,8307,474514
19B8dFzuUxrd2SKpPM6WSDQMarK5PwQmg8,0,8281,323072
19yTtY45Xku65UZZihRF61C32HtY7PDcUA,0,8246,329340
1DhD2F3vvJLRRwrgh5utUwRQZTP2jhvAYN,0,8215,323076
12BFGuvC3PReXQMhboAHCYAd8FzCqphwip,0,8184,323075
1G12wjFYGpeCFj1Uep2bkzzpwG7dCT1B9L,0,8174,329340
1BVpK5LvQp7CtX6ERy4TdVEV3GtmniHKQ6,0,8149,323072
16DtLiRzkJ24DRaf3KHRf6PQyFJeqyC3gY,0,8117,329340
16ebxqiB6esiGFsNwL9hSbk6JoABsu8wy3,0,8100,323072
1B1E4uMG7eb8E6se9dcRhz8b7HWTrMHSaB,0,8072,323072
1Pu6ECnJkRMn5pJqjbwE6dBv88tY9CBEQ5,0,8064,323072
1PG8s8g27xLtyZBajktaycEkE8ERZubTnD,0,8039,474514
12AaGnt5QT2N4Wxv6JP7i7ejSYRcm7nmRh,0,7986,323072
13ACnqJqnkVDAjKr8mG9pP5q6qHZ3fPhDX,0,7973,323076
1JKLVnhhqdfXpDCChzttxgi1jHA7az3iXZ,0,7764,329340
1GtZQjG9XZNkrRLCCDYxy2kcHStRoaAUKQ,0,5609,329340
1E5W9GTM42kunVNTzA5CZgRvBDg7eihSjw,0,5514,474514
16ayrwkKnxr547fswjZdhadCpJvApRQNcu,0,4604,329340
141wbWGsMeQzqejVRVyEpQdqEJWUNVL24x,0,4377,329340
1M6WomNYaDCbbTGfh1wQyJ5esd9YbeF6CW,0,4373,329340
1693HN1oMHt71eA9xqbMYNVdBD4xbLLJDa,0,4198,329340
18teLEkg9VsQCwHeF3vmNsbZ5eyczuzSCo,0,4198,329340
1FcXUcmk6qtKvcXYu3Bj26h64HG1wYM8iD,0,4171,329340
18PepZwPDBEs7hgYFSXbukjyY9F8wa5Qq1,0,4009,329340
19f97gYbLed6X4GUYwFttToEFZ9Rq9xKXf,0,4009,329340
1CBoNdHoifShEuyMuV2ZLz3kmrobJhqg18,0,3987,474514
1D7et4TQiyaypP9hASpESj6BMZZtc9KMcN,0,3875,329340
19hsHAsjNdjk9mUaE2rP4Ru9taPs4LRYBR,0,3808,329340
1ArQWpfuRbEKZaXSZhNgdbhcEt3mmEscqa,0,3799,329340
1K1wgou7FHp8w6DfjR7zRyBQsgDDKpVGUW,0,3798,329340
1MrvfVyYAxeirQnMsf1fZdWMvbMAAnSREt,0,1257,474514
13MrswNgoZ2hJzudWssJhWknU29t1Wt8kR,0,673,474514
12LWUfYJ8UYGo5BZMta8yYC3XyKhToXLw5,0,518,474514
1HvzwwwGxzmwSvqVUQFMuh2hpjdLfzPCe6,0,105,474514
19CEC3WmajZKSnmnge96x2nCGR29MyuH9j,0,72,474514
1KaFWrBwQJG2EGMC4JoUnumAbNgnN7xEqj,0,72,474514
1DR7vvEdKxExGEUo3hY63v3ntQM5kByp13,0,71,474514
162J1pQXuNRn1cmxc4vdvinep8eDUeBxni,0,3,476362
14XYQpShHKrzUrM1wzLSvudTEev4EixLgu,0,3,476360
1N6h6Y4XWChUwzcyp1Q28oJZRuc17Cy4R5,0,3,475866
1AMBXUKqxBqPvtoiGbwktq1FJ5XKTRzKqW,0,3,475862
1Lqfvq7NNDkJAyPR3HGB9QTVtNn1toF5yH,0,3,329340
1rViSJ41pKPrdHkMShXhGziqNJjaE2PUu,0,2,476693
1HuRQycxFD6Fd8PM3zpLxmetVnnG7xtE8N,0,2,476377
1BsP6CbWWpABUFKDVh4H1xwsyRBHcWFVum,0,2,474514
1H1sRzAj11daLXMuK1SiwJYnAYR5E1XdBE,0,2,474514
1Xu8eH64CLYLWeUFqC3GcWawJvdKmp4zD,0,2,474514
1LD9DWeuJdFF3zzLQf6AtcdXWEJB55vknx,0,2,319715
1eah7gKvx2kcjJqnh3uodjg3Twpin796o,0,1,476693
15sLpvWfz9TNQaej4rME7PgA8xHTAqVWfm,0,1,474514
17FRWDTDfgBagcBNmioN5mgcK6ygtbvcjh,0,1,474514
1FuDUxqv8GsAZi6VPX1DKRudSNhJ8oSz5i,0,1,474514
1MDhDWJYEN25rKCxKQgiZ7as19dFF7Q3Sw,0,1,474514
1A3mrkzfqkj92U5T3WyLbYAXiPXDUpwmfN,0,1,323072
1BJQFWuiweqDQzEQyDTe7J38gJsaZ84xoP,0,1,323072
1BnUBfsZNZrPQVMkGfjZzEjPAD8f9UaS8H,0,1,323072
1CGw58kk1CLme8c96kb9SkNmxvXVMpQ3ch,0,1,323072
1FbrFdRkWXX8cXmqvdWtbEo8sLuhh6bnMo,0,1,323072
1HPD5azSVY3rYG7wbTfL2QssxmjHyTSsYj,0,1,323072
1Had8HNvzddvCdoLP6BPTmmQ2Lmep4igVU,0,1,323072
1KqoxXNTUaJJtzhBDziqpr2vz9wUqcbXTh,0,1,323072
1LEWMWpcddWNGuBpdss1y8hNtk5GnZPup9,0,1,323072
1MHRmqXY9YdNMhYBwb2z7LSppBUemYNdPH,0,1,323072
1NJX5dx3j5LdsYRjXvXVFjLTmC3pcDtbdM,0,1,323072
1Q3Gpi6dEzM8Q5Jy9yxMzJXk37UJMDNrtX,0,1,323072
16sWBTadCrDS7zxmvP2UwL7xfUdtiG4fS6,0,1,323071
14HVB5uhN38VSeDNUs248PUArUFo2KJfAb,0,1,323069
14zgzPRAcGWUaRQdM83wGREEwcXtGjak1Z,0,1,323069
15Wyj7ecYAjvfZg97EdR5AkAotDBPYLZL3,0,1,323069
15tNKNepfD122erhQucvWyMGhCooqWLSHJ,0,1,323069
1AnEz6V2Qta6hjAiXeN25UtCFatLeg2eh,0,1,323069
1CK2JKEjwukAdHHgmqjFQQeXCJPnrZmn2N,0,1,323069
1CuuXn1MNeJDtCgffHDG6tQAXvgA7QydLf,0,1,323069
1D4fDeANjyypFHgmtcWyitbeW1c2Ts21YS,0,1,323069
1D9HR5zwc82dJyBZLYvHoCPVVLmcYDueeg,0,1,323069
1Dpw6KaD5vsamuDKZyC4DGEYXdQLosZzSg,0,1,323069
1ECDcz4Txr8zVPu9QTQjXHbsGWhif12Yhr,0,1,323069
1ENcugDB35UCaHJniWwNvHuknAueLocPWm,0,1,323069
1G42zuyjYnBiLRmPxJdUCDSEe5jeCELwJo,0,1,323069
1JjyQu9xizN997Yc6t4URA6L9mNk2bcfQG,0,1,323069
1KBjNYW22tRZ5WdYigbHpHzsY5b4gd6vTj,0,1,323069
1NfNepRScYfm8pxTe7RMpC69xksbpjKMjv,0,1,323069
1ir9DybXMSVoMA1T45uPPz7CE1UGizYxq,0,1,323069
14xKrKvyiDT9kx3aUENsG5ENabAUBfaV7M,0,1,321229
14g9xieZszWQtXvMEjF9dfYuN2GRkTMTZa,0,1,318069
15e4WZ1ftoXE2KNd6aAb6jagVRGSkxUrHa,0,1,318069
1474DAcEAmX7E3XJpyhzLcWWZMa9s6XZnr,0,1,318037
1PyQbwT2ocDwV9rnsxCn3LstQXW9G7xCTr,0,1,318036
17XXuoAnHvugJot4Sf9jBT8AxRnDJiRTDV,0,1,317701
1C56Bf35Ra6FgDRQgyeV9Gf6gDhMGfYiCF,0,1,317547
16ktbeGMjW7QH753KeaCgH1mVk1S1cQykF,0,1,317539
1BfNvu8Hi5gGq19687AYQHPobhRrpJjb62,0,1,317539
