"#Wallet VaultOfSatoshi.com (00065b41b8bb124f), page 1 from 82, addresses 1-100. Updated to block 724491 (2022-02-22 19:00:36 UTC). Source: WalletExplorer.com"
address,balance,incoming txs,last used in block
1DDWChABiuaGSHSPew5NG25dU4Dg6yyxtv,0,315,336583
1HdezZiaSKayxByURonLuF9D8QbARKzBFF,0,232,316806
1AmJveEBRgcZF2gbF5DAkPqFsb2N8xCrso,0,230,337661
1DsqAGxEt2L8N6N5f1UDuBeaEBRozG55Kr,0,223,337685
17DHKxYjjFYCbn3nfS77fXPpQnT7GcaXp,0,199,497157
1LHng77WfmNkGKikSiKoFWUVZ6c7se5gvd,0,188,497157
1MVLnA5uZWukVDJkCcqydBiA5bUoehMCpR,0,176,324757
12x6K621ePN9iDcB8HrFefF5KqftwHYNGv,0,172,466698
1EZoJtF5SxszMNgHEBkAoZqBzxjsZczpsV,0,159,324726
1BwSeAo1nr83PTNu7rcG8qJwEg2hnRLS28,0,152,339051
1L34Y9EyJZdEGgyo3XLriG4vtRdcHATKhs,0,119,311633
1PFbivuvxvXfxncc2HPcgm2g6MXVfkSoue,0,105,320153
1A5qZckN34m9sZKSdYJ6kme4cYWowjRXD7,0,104,309061
1BTQGiL8rvrMyZfw71i9BUd6wbY12vjWsF,0,94,317325
1MhSBYA45hvSgty2TPNhDiHssF5H66Nbe9,0,92,336343
1Q12EyyQZQ6D63cKyXZiWDCsBsrRsqugwE,0,88,336818
16VCQVcfdMRkbw8WqxvbVsHNaxP1MaTHzN,0,85,334381
1HT4962xRByN7NBix8VZt6Ta6Gv5F1wNX2,0,82,317830
1MNdzSMN1dN1oPJwYUBWxGrywsRLn4FMkw,0,81,305446
1LH9hsBW5Bt5D3GuQJ2kFSFzD1yxYyyRN1,0,80,468694
12z4DyWehCnMtAkHeypLv5tyASugVr3dnc,0,80,337195
16f1wpS6TEobJ2LDe3S3f4YZY1xe67yuJv,0,79,340483
1P1fTZvu8piQLqw5shSvLcm83ZM94SgFJ4,0,77,338846
18Asv16gbQwjX5PZRwwD44F9BNNkK3dTuH,0,74,313807
1GWsn6pD3yhCVvCGuaDPforcegqTCqTeLE,0,72,331299
18J91xnU99ieYmeTfYJYqXbxLY9WP6przs,0,71,338130
15Ca82fZQ45erTwoJ1rbiP3Y9uHhKb8P9D,0,64,315028
1HiX7LUdPRHCfijTzeYd7rZzj16D8PSEPD,0,63,334435
1LJMRSUTAupXVNeniTWyE2kfv3KPUSbMdh,0,61,318910
1EHXqAgkDvzJB73poQAfoDt1pTB8PoX591,0,60,298357
1H1CEHxppoMtzcaQ47CC3kffcY8S7N65Mr,0,58,334964
1ADtNrrqQxNNB2toJUHHqVrxMNi1LSghox,0,58,305838
17q5ZJpL8Eqcfgy1JHgxgvUWW27XyTPo4B,0,57,323981
1E8rJNdgWHwzCPXmK2gUjChaycmmxaKhz6,0,57,306359
1FZDwdeAndwmmJcAAZLtmGN6q2S3JUcbca,0,56,298974
1G318WnhHCHxMSkESzHMi9xrZRKvAMcpBg,0,52,308314
1MRCBEYcjjuq67yihKykGKv1dt9Vk2RAbo,0,50,303956
1N1eredwJPsLKPMRyLzrHkaDq8GtvMRSiv,0,48,326548
1Le6PvzGXj3nE1wTb1NuTJKq6WFwCbrbA,0,48,324326
1LLbkoRJBbF5WV5zSFVurfkf61bhfMAgV6,0,47,327721
1Jk1g8ykArTjSygJLZWuxuDoB8zTcThgmC,0,46,337646
161CEbPBXtYfrZeJ678N6RSNVYJovvRTT6,0,45,290778
13N9RP1ZxD1Un23wCG2gij27s8CcJEW1rN,0,44,338344
1Ga1Vh7HAQJMJpiyqkKT6X9AeS7Rq1hVKg,0,44,329751
131qEPfCXyFbpkJytrMuEVbCK3PzgnHXsx,0,44,319808
1EZdTUEp85Fv9JyYeavan1em9ejjK2qmmc,0,44,312474
1CfzLq28WKnmMTpBAn9imTa8LZzJcbBFx4,0,43,497157
159oMDgT73NhkqqEaKy39WwdBYJ9J6AqmQ,0,43,319203
16YRhwByJXKf74comSBxEBZ5BHoY3TtSKz,0,42,466698
1LZxSFsU6KkJQZMvPDuA4wJg52w7Lkmkzw,0,42,323617
17Ftohjnrmup6pDTZf76bTr4PvUbyjsr4q,0,41,317308
1EgLb8vML7xSiUPYLFFD4CivsdTrGUL9fv,0,41,315952
1AXf4yV9ePTYrA8ECWe9Q4eAGiPZkKCaRe,0,40,335568
1ZPPagrFzN3TiJVZMNFNujbR1CC4fFWCw,0,39,303260
1JMXqcs2MVEJa4y2HbxSXph66L1F8YEv68,0,37,466698
17Kka7PdhXdb1pa9JCCXrYfppJ6MC2xWKR,0,37,330181
17Y7BLbDh588Dqn4YD1AfLZkMCg8AwU1EP,0,37,306814
1PDZNzc37JJrpA6LMyM8sUrXMxC9KDwF6P,0,36,355245
1ALtsoThJyZ3PvgRKgWvtyHiK3iTkNrTXi,0,36,332204
1M85PHQGqBPDfHHw6JpszVWTNpQ53p3Gwi,0,35,317715
1H6JTiFRVZVGTzmWybJFx45ZH9166np5YP,0,35,317504
1Jve2pZLhddT1bpkq5wtFJWM6RknrRyDqF,0,34,336849
1PJw3okZ8XT89pjysPEDqBEca3FtXFe5MM,0,33,466698
1Bhhkbh3GsZ5Yfqhz2taSh91bcnPFamfyt,0,33,304842
1ACPYEDoQcqWeCfbsxNYwYjt7QcRrzbJzk,0,32,334583
1ABtSawabh63sGmfveuq7DScrPpsVDukoF,0,32,325010
1CsdZFuffWWceyRiivBprzTKAsdcX3P9qp,0,31,466698
1HU4GDSpZ5BuDAkqkEd1QwkRuxf5Qcx2WE,0,31,338700
1MY4vYFfaWJ87DBc1TPkGh4VRfBcGHDTT9,0,31,337094
1HrFu9Ajbtikc2RiTXDtV5VxV2Pd7NJ9b9,0,31,314693
155H45kie7RtYSSWJ7pQxwDPQHLdUS2inZ,0,30,341977
1AzJ5HLMMeL5KifeDiNA8CgmSBSrXDa2fz,0,30,337508
1BvHc1zQZSmkzPvw22HdndwSxREPPZnjRQ,0,30,337464
1NKqdJvX5EKjPyg6Q6dBpwHket1umNPhyh,0,30,334893
1B5Bi6bYK3Jto2qrznxfQNS3v2EsJp9Tyi,0,30,333834
19qKkGoMZGEWscXvZfYvciYXn27yBFWEdU,0,29,356150
15uT4xhMqnHZV4hqFza395hcqsgDUJR1q3,0,29,338669
1AhShTVjT74rYaAqcJtSmjUTneXQeNiG62,0,29,322311
112WqpCTMcPX5zD8tdUTNKAyvzrMv5CRNP,0,29,317794
1Ftq8e8x9nKRACEFU4ATrE1HJc8owmagD4,0,29,299087
1C6jXxeJfLUwVdizS5GFaBjcEBns2nLQqb,0,28,466698
1DmFVQkLtDZDGkz9ioxXSNATkF1e7q742x,0,28,336376
13foD6Tv9kSScsH1dtH8RCyPU112pyn7Tp,0,28,328864
1MP2tmA1qDgqMWoV5XESRwGrqWaFGM3itQ,0,28,326065
1DwQRgoVFyVqyWwG8uiB8VgYu7zFjb5qRv,0,27,333415
12W8Cfo82f2UygWAPqtTaRRcRB62jfD7vs,0,27,311041
1KdY7tzB3BrTwDiYpLZRyHWFKhbyeT5W3S,0,26,300261
14aabaJiXoNUNV1c8SSSfT8GPX5gnF37Le,0,26,300258
14xzjMo8uFZyLEv2Lac9nHFTfPfAxTSdb2,0,26,291125
1FGv8mrpa6rVzJLwnyRfRqd3VXwAPPTtgo,0,25,297652
1GoQUNTcT38renqtC2TzP7Pf4gNyaf5KsY,0,25,288003
1FfWBbWGu1SNvQE5tJpJY2RBjcPTUk7DBm,0,24,466698
14btZNmEBxsF2yGte8P6KeHNZHV9TTuE5A,0,24,335122
1F9rs7F5tijE6ndGtmBewniz7FCDh2QpZE,0,24,332449
1MQVRNjLEWv9voG6bHAAEKsEP9fSHs1jWR,0,24,312877
159xV6wdjtszpxwakf9jvuj8USJ17pKQsr,0,24,311633
14NugU5U885M7BmPn2gP6uQ4pNpUUFSu7k,0,23,497157
1FjTvcXG4EFk47p8qBKUxZBcQ8wFvSnrdB,0,23,325895
19hcKvD3W3jd6hFrW3xjZvCEegwTegUJtu,0,23,322425
139xGchywPrb2WydM4CweuombaWtEHeh2b,0,22,335555
